<?xml version="1.0" encoding="utf-8"?>
<!-- Created by ModBuddy for robk on 11/17/2010 7:47:07 PM -->

<GameData>
	<Language_it_IT>


		<!-- Titles in the main info addict screen -->
		<Row Tag="TXT_KEY_INFOADDICT_MAIN_TITLE">
			<Text>Info Aggiuntive</Text>
		</Row>

		<Row Tag="TXT_KEY_INFOADDICT_HISTORICAL_TITLE">
			<Text>Dati Storici</Text>
		</Row>

		<Row Tag="TXT_KEY_INFOADDICT_FACTBOOK_TITLE">
			<Text>The World Factbook</Text>
		</Row>

		<Row Tag="TXT_KEY_INFOADDICT_GLOBALRELATIONS_TITLE">
			<Text>Relazioni Globali</Text>
		</Row>

		<Row Tag="TXT_KEY_INFOADDICT_OPTIONS_TITLE">
			<Text>Opzioni</Text>
		</Row>


		<!-- This is text for the reset selections button in the graph screens-->
		<Row Tag="TXT_KEY_INFOADDICT_RESET_SELECTIONS">
			<Text>Ripristina Selezioni</Text>
		</Row>

		<!-- Text displayed when no data is available -->
		<Row Tag="TXT_KEY_INFOADDICT_NODATA">
			<Text>Nessun Dato Disponibile</Text>
		</Row>

		<!-- Button text during leader discussions -->
		<Row Tag="TXT_KEY_INFOADDICT_CHECK_INFOADDICT">
			<Text>Info Aggiuntive</Text>
		</Row>

		<!-- "of the" used when building a leader title, as in "Bismark of the German Empire" -->
		<Row Tag="TXT_KEY_INFOADDICT_OF_THE">
			<Text>, </Text>
		</Row>

		<!-- "Turn" as in "Turn 145 of the game" -->
		<Row Tag="TXT_KEY_INFOADDICT_TURN">
			<Text>Turno</Text>
		</Row>

		<!-- "Next", as in, "next page" -->
		<Row Tag="TXT_KEY_INFOADDICT_NEXT">
			<Text>Prossimo</Text>
		</Row>

		<!-- "Previous", as in, "previous page" -->
		<Row Tag="TXT_KEY_INFOADDICT_PREVIOUS">
			<Text>Precedente</Text>
		</Row>



		<!-- Category titles for the historical graphs -->
		<Row Tag="TXT_KEY_INFOADDICT_CATEGORY_SCORE">
			<Text>Punteggio</Text>
		</Row>

		<Row Tag="TXT_KEY_INFOADDICT_CATEGORY_MILITARY">
			<Text>Esercito</Text>
		</Row>

		<Row Tag="TXT_KEY_INFOADDICT_CATEGORY_NETGOLD">
			<Text>Oro Netto</Text>
		</Row>

		<Row Tag="TXT_KEY_INFOADDICT_CATEGORY_GNP">
			<Text>PNL</Text>
		</Row>

		<Row Tag="TXT_KEY_INFOADDICT_CATEGORY_TREASURY">
			<Text>Tesoreria</Text>
		</Row>

		<Row Tag="TXT_KEY_INFOADDICT_CATEGORY_HAPPINESS">
			<Text>Felicità</Text>
		</Row>

		<Row Tag="TXT_KEY_INFOADDICT_CATEGORY_SCIENCE">
			<Text>Scienza</Text>
		</Row>

		<Row Tag="TXT_KEY_INFOADDICT_CATEGORY_CULTURE">
			<Text>Cultura</Text>
		</Row>

		<Row Tag="TXT_KEY_INFOADDICT_CATEGORY_MANUFACTURING">
			<Text>Produzione</Text>
		</Row>

		<Row Tag="TXT_KEY_INFOADDICT_CATEGORY_POPULATION">
			<Text>Popolazione</Text>
		</Row>

		<Row Tag="TXT_KEY_INFOADDICT_CATEGORY_CROPYIELD">
			<Text>Raccolto</Text>
		</Row>

		<Row Tag="TXT_KEY_INFOADDICT_CATEGORY_LANDAREA">
			<Text>Territorio</Text>
		</Row>

		<Row Tag="TXT_KEY_INFOADDICT_CATEGORY_NUMCITIES">
			<Text>Città</Text>
		</Row>

		<Row Tag="TXT_KEY_INFOADDICT_CATEGORY_TECHS">
			<Text>Tecnologie</Text>
		</Row>

		<Row Tag="TXT_KEY_INFOADDICT_CATEGORY_POLICIES">
			<Text>Politiche</Text>
		</Row>

		<Row Tag="TXT_KEY_INFOADDICT_CATEGORY_WONDERS">
			<Text>Meraviglie</Text>
		</Row>

		<Row Tag="TXT_KEY_INFOADDICT_CATEGORY_INCOME">
			<Text>Introito</Text>
		</Row>

		<Row Tag="TXT_KEY_INFOADDICT_CATEGORY_FAITH">
			<Text>Fede Totale</Text>
		</Row>

		<Row Tag="TXT_KEY_INFOADDICT_CATEGORY_FAITHPERTURN">
			<Text>Fede per Turno</Text>
		</Row>

		<Row Tag="TXT_KEY_INFOADDICT_CATEGORY_INFLUENCE">
			<Text>Influence</Text>
		</Row>

		<Row Tag="TXT_KEY_INFOADDICT_CATEGORY_GREATWORKS">
			<Text>Great Works</Text>
		</Row>

		<Row Tag="TXT_KEY_INFOADDICT_CATEGORY_TRADEROUTES">
			<Text>Trade Routes</Text>
		</Row>

		<Row Tag="TXT_KEY_INFOADDICT_CATEGORY_TOURISM">
			<Text>Tourism</Text>
		</Row>


		<!-- Headers for the rank tables in the world factbook -->
		<Row Tag="TXT_KEY_INFOADDICT_HEADER_RANK">
			<Text>Pos.</Text>
		</Row>

		<Row Tag="TXT_KEY_INFOADDICT_HEADER_EMPIRE">
			<Text>Impero</Text>
		</Row>

		<Row Tag="TXT_KEY_INFOADDICT_HEADER_VALUE">
			<Text>Valore</Text>
		</Row>



		<!-- Rank titles in the world factbook (left bar menu and table title) -->
		<Row Tag="TXT_KEY_INFOADDICT_RANKTITLE_POPULATION">
			<Text>Popolazione</Text>
		</Row>

		<Row Tag="TXT_KEY_INFOADDICT_RANKTITLE_CROPYIELD">
			<Text>Raccolto</Text>
		</Row>

		<Row Tag="TXT_KEY_INFOADDICT_RANKTITLE_MANUFACTUREDGOODS">
			<Text>Beni Prodotti</Text>
		</Row>

		<Row Tag="TXT_KEY_INFOADDICT_RANKTITLE_GNP">
			<Text>PNL</Text>
		</Row>

		<Row Tag="TXT_KEY_INFOADDICT_RANKTITLE_LANDAREA">
			<Text>Territorio</Text>
		</Row>

		<Row Tag="TXT_KEY_INFOADDICT_RANKTITLE_MILITARYMANPOWER">
			<Text>Forza Militare</Text>
		</Row>

		<Row Tag="TXT_KEY_INFOADDICT_RANKTITLE_APPROVAL">
			<Text>Approvazione</Text>
		</Row>

		<Row Tag="TXT_KEY_INFOADDICT_RANKTITLE_LITERACY">
			<Text>Alfabetizzazione</Text>
		</Row>

		<Row Tag="TXT_KEY_INFOADDICT_RANKTITLE_SOCIALSTANDING">
			<Text>Condizione Sociale</Text>
		</Row>

		<Row Tag="TXT_KEY_INFOADDICT_RANKTITLE_HAPPINESS">
			<Text>Felicità</Text>
		</Row>

		<Row Tag="TXT_KEY_INFOADDICT_RANKTITLE_TECHNOLOGIES">
			<Text>Tecnologie</Text>
		</Row>

		<Row Tag="TXT_KEY_INFOADDICT_RANKTITLE_NETGOLD">
			<Text>Oro Netto</Text>
		</Row>

		<Row Tag="TXT_KEY_INFOADDICT_RANKTITLE_NUMCITIES">
			<Text>Città</Text>
		</Row>

		<Row Tag="TXT_KEY_INFOADDICT_RANKTITLE_SCIENCE">
			<Text>Scienza</Text>
		</Row>

		<Row Tag="TXT_KEY_INFOADDICT_RANKTITLE_CULTURE">
			<Text>Cultura</Text>
		</Row>

		<Row Tag="TXT_KEY_INFOADDICT_RANKTITLE_WONDERS">
			<Text>Meraviglie</Text>
		</Row>

		<Row Tag="TXT_KEY_INFOADDICT_RANKTITLE_TREASURY">
			<Text>Tesoreria</Text>
		</Row>

		<Row Tag="TXT_KEY_INFOADDICT_RANKTITLE_INCOME">
			<Text>Introito</Text>
		</Row>

		<Row Tag="TXT_KEY_INFOADDICT_RANKTITLE_FAITH">
			<Text>Fede Totale</Text>
		</Row>

		<Row Tag="TXT_KEY_INFOADDICT_RANKTITLE_FAITHPERTURN">
			<Text>Fede per Turno</Text>
		</Row>

		<Row Tag="TXT_KEY_INFOADDICT_RANKTITLE_INFLUENCE">
			<Text>Influence</Text>
		</Row>

		<Row Tag="TXT_KEY_INFOADDICT_RANKTITLE_GREATWORKS">
			<Text>Great Works</Text>
		</Row>

		<Row Tag="TXT_KEY_INFOADDICT_RANKTITLE_TRADEROUTES">
			<Text>Trade Routes</Text>
		</Row>

		<Row Tag="TXT_KEY_INFOADDICT_RANKTITLE_TOURISM">
			<Text>Tourism</Text>
		</Row>

		
		<!-- Rank units in the world factbook (shows up as table header) -->
		<Row Tag="TXT_KEY_INFOADDICT_RANKUNITS_PEOPLE">
			<Text>Popolazione</Text>
		</Row>

		<Row Tag="TXT_KEY_INFOADDICT_RANKUNITS_BUSHELS">
			<Text>Quintali (milioni)</Text>
		</Row>

		<Row Tag="TXT_KEY_INFOADDICT_RANKUNITS_TONS">
			<Text>Tonnellate (milioni)</Text>
		</Row>

		<Row Tag="TXT_KEY_INFOADDICT_RANKUNITS_GOLD">
			<Text>Oro (milioni)</Text>
		</Row>

		<Row Tag="TXT_KEY_INFOADDICT_RANKUNITS_SQUAREKILOMETERS">
			<Text>Chilometri Quadrati</Text>
		</Row>

		<Row Tag="TXT_KEY_INFOADDICT_RANKUNITS_SOLDIERS">
			<Text>Soldati</Text>
		</Row>

		<Row Tag="TXT_KEY_INFOADDICT_RANKUNITS_PERCENTOFPOP">
			<Text>Percentuale della Popolazione</Text>
		</Row>

		<Row Tag="TXT_KEY_INFOADDICT_RANKUNITS_POLICIESADOPTED">
			<Text>Politiche Adottate</Text>
		</Row>

		<Row Tag="TXT_KEY_INFOADDICT_RANKUNITS_NETHAPPY">
			<Text>Felicità Netta</Text>
		</Row>

		<Row Tag="TXT_KEY_INFOADDICT_RANKUNITS_TECHDISCOVERED">
			<Text>Tecnologie Scoperte</Text>
		</Row>

		<Row Tag="TXT_KEY_INFOADDICT_RANKUNITS_NUMCITIES">
			<Text>Numero di Città</Text>
		</Row>

		<Row Tag="TXT_KEY_INFOADDICT_RANKUNITS_SCIENCE">
			<Text>Produzione Scientifica</Text>
		</Row>

		<Row Tag="TXT_KEY_INFOADDICT_RANKUNITS_CULTURE">
			<Text>Produzione Culturale</Text>
		</Row>

		<Row Tag="TXT_KEY_INFOADDICT_RANKUNITS_WONDERS">
			<Text>Meraviglie Possedute</Text>
		</Row>

		<Row Tag="TXT_KEY_INFOADDICT_RANKUNITS_FAITH">
			<Text>Fede</Text>
		</Row>

		<Row Tag="TXT_KEY_INFOADDICT_RANKUNITS_FAITHPERTURN">
			<Text>Fede per Turno</Text>
		</Row>
		
		<Row Tag="TXT_KEY_INFOADDICT_RANKUNITS_INFLUENCE">
			<Text>Civs Influenced</Text>
		</Row>

		<Row Tag="TXT_KEY_INFOADDICT_RANKUNITS_GREATWORKS">
			<Text>Great Works</Text>
		</Row>

		<Row Tag="TXT_KEY_INFOADDICT_RANKUNITS_TRADEROUTES">
			<Text>Trade Routes</Text>
		</Row>

		<Row Tag="TXT_KEY_INFOADDICT_RANKUNITS_TOURISM">
			<Text>Tourism Output</Text>
		</Row>


		<!-- Menu titles for the world factbook (left bar) -->
		<Row Tag="TXT_KEY_INFOADDICT_MENUTITLE_WORLDRANKINGS">
			<Text>Ranking Mondiale</Text>
		</Row>

		<Row Tag="TXT_KEY_INFOADDICT_MENUTITLE_EMPIRES">
			<Text>Imperi</Text>
		</Row>



		<!-- Attribute names in the Empire factbook screen -->
		<Row Tag="TXT_KEY_INFOADDICT_EMPIREATTR_HEADOFSTATE">
			<Text>Capo dello Stato</Text>
		</Row>

		<Row Tag="TXT_KEY_INFOADDICT_EMPIREATTR_POPULATION">
			<Text>Popolazione</Text>
		</Row>

		<Row Tag="TXT_KEY_INFOADDICT_EMPIREATTR_LANDAREA">
			<Text>Territorio (Kmq)</Text>
		</Row>

		<Row Tag="TXT_KEY_INFOADDICT_EMPIREATTR_GNP">
			<Text>PNL (in milioni)</Text>
		</Row>

		<Row Tag="TXT_KEY_INFOADDICT_EMPIREATTR_NETGOLD">
			<Text>Oro Netto (in milioni)</Text>
		</Row>

		<Row Tag="TXT_KEY_INFOADDICT_EMPIREATTR_MILITARY">
			<Text>Forze Armate in servizio attivo</Text>
		</Row>

		<Row Tag="TXT_KEY_INFOADDICT_EMPIREATTR_CROPYIELD">
			<Text>Raccolto (milioni di quintali)</Text>
		</Row>

		<Row Tag="TXT_KEY_INFOADDICT_EMPIREATTR_INDUSTRIALOUTPUT">
			<Text>Prod. Industriale (milioni di tonnellate)</Text>
		</Row>

		<Row Tag="TXT_KEY_INFOADDICT_EMPIREATTR_APPROVALRATE">
			<Text>Approvazione del Capo dello Stato</Text>
		</Row>

		<Row Tag="TXT_KEY_INFOADDICT_EMPIREATTR_NETHAPPY">
			<Text>Felicità Netta</Text>
		</Row>

		<Row Tag="TXT_KEY_INFOADDICT_EMPIREATTR_LITERACY">
			<Text>Tasso di Alfabetizzazione</Text>
		</Row>

		<Row Tag="TXT_KEY_INFOADDICT_EMPIREATTR_TECHDISCOVERED">
			<Text>Tecnologie Scoperte</Text>
		</Row>

		<Row Tag="TXT_KEY_INFOADDICT_EMPIREATTR_POLICIES">
			<Text>Politiche Sociali Emanate</Text>
		</Row>

		<Row Tag="TXT_KEY_INFOADDICT_EMPIREATTR_NUMCITIES">
			<Text>Numero di Città</Text>
		</Row>

		<Row Tag="TXT_KEY_INFOADDICT_EMPIREATTR_SCIENCE">
			<Text>Produzione Scientifica</Text>
		</Row>

		<Row Tag="TXT_KEY_INFOADDICT_EMPIREATTR_CULTURE">
			<Text>Produzione Culturale</Text>
		</Row>

		<Row Tag="TXT_KEY_INFOADDICT_EMPIREATTR_WONDERS">
			<Text>Meraviglie Possedute</Text>
		</Row>

		<Row Tag="TXT_KEY_INFOADDICT_EMPIREATTR_TREASURY">
			<Text>Oro in Tesoreria (in milioni)</Text>
		</Row>

		<Row Tag="TXT_KEY_INFOADDICT_EMPIREATTR_INCOME">
			<Text>Introito (in milioni)</Text>
		</Row>

		<Row Tag="TXT_KEY_INFOADDICT_EMPIREATTR_FAITH">
			<Text>Fede Totale</Text>
		</Row>

		<Row Tag="TXT_KEY_INFOADDICT_EMPIREATTR_FAITHPERTURN">
			<Text>Fede Netta per Turno</Text>
		</Row>

		<Row Tag="TXT_KEY_INFOADDICT_EMPIREATTR_INFLUENCE">
			<Text>Civilizations Influenced</Text>
		</Row>

		<Row Tag="TXT_KEY_INFOADDICT_EMPIREATTR_GREATWORKS">
			<Text>Great Works in Possession</Text>
		</Row>

		<Row Tag="TXT_KEY_INFOADDICT_EMPIREATTR_TRADEROUTES">
			<Text>Internal Trade Routes Established</Text>
		</Row>

		<Row Tag="TXT_KEY_INFOADDICT_EMPIREATTR_TOURISM">
			<Text>Tourism Output</Text>
		</Row>


		<!-- Relationship view titles -->
		<Row Tag="TXT_KEY_INFOADDICT_RELATIONVIEW_ECONOMIC">
			<Text>Economia</Text>
		</Row>

		<Row Tag="TXT_KEY_INFOADDICT_RELATIONVIEW_POLITICAL">
			<Text>Politica</Text>
		</Row>

		<Row Tag="TXT_KEY_INFOADDICT_RELATIONVIEW_ATTITUDE">
			<Text>Atteggiamento</Text>
		</Row>



		<!-- Relationship view key (bottom right) -->
		<Row Tag="TXT_KEY_INFOADDICT_RELATIONKEY_WAR">
			<Text>Guerra</Text>
		</Row>

		<Row Tag="TXT_KEY_INFOADDICT_RELATIONKEY_OPEN_BORDERS">
			<Text>Diritto di Passaggio</Text>
		</Row>

		<Row Tag="TXT_KEY_INFOADDICT_RELATIONKEY_DECLARATION_OF_FRIENDSHIP">
			<Text>Dichiarazione di Amicizia</Text>
		</Row>

		<Row Tag="TXT_KEY_INFOADDICT_RELATIONKEY_DENOUNCEMENT">
			<Text>Denuncia</Text>
		</Row>

		<Row Tag="TXT_KEY_INFOADDICT_RELATIONKEY_DEFENSIVE_PACT">
			<Text>Allenaza Difensiva</Text>
		</Row>

		<Row Tag="TXT_KEY_INFOADDICT_RELATIONKEY_RESEARCH_AGREEMENT">
			<Text>Accordo di Ricerca</Text>
		</Row>

		<Row Tag="TXT_KEY_INFOADDICT_RELATIONKEY_GPT">
			<Text>Oro per Turno</Text>
		</Row>

		<Row Tag="TXT_KEY_INFOADDICT_RELATIONKEY_RESOURCE">
			<Text>Risorse</Text>
		</Row>

		<Row Tag="TXT_KEY_INFOADDICT_RELATIONKEY_TRADEROUTE">
			<Text>Trade Route</Text>
		</Row>

		<Row Tag="TXT_KEY_INFOADDICT_RELATIONKEY_HOSTILE">
			<Text>Ostile</Text>
		</Row>

		<Row Tag="TXT_KEY_INFOADDICT_RELATIONKEY_GUARDED">
			<Text>Diffidente</Text>
		</Row>

		<Row Tag="TXT_KEY_INFOADDICT_RELATIONKEY_AFRAID">
			<Text>Intimidito</Text>
		</Row>

		<Row Tag="TXT_KEY_INFOADDICT_RELATIONKEY_FRIENDLY">
			<Text>Amico</Text>
		</Row>

		<Row Tag="TXT_KEY_INFOADDICT_RELATIONKEY_NEUTRAL">
			<Text>Neutrale</Text>
		</Row>



		<!-- Tooltip text fragments for the relationship graphs -->
		<Row Tag="TXT_KEY_INFOADDICT_RELATIONTOOLTIP_GPT_TO">
			<Text>Oro per Turno a</Text>
		</Row>

		<Row Tag="TXT_KEY_INFOADDICT_RELATIONTOOLTIP_GPT_FROM">
			<Text>Oro per Turno da</Text>
		</Row>

		<Row Tag="TXT_KEY_INFOADDICT_RELATIONTOOLTIP_RESEARCH_WITH">
			<Text>Accordo di Ricerca con</Text>
		</Row>

		<Row Tag="TXT_KEY_INFOADDICT_RELATIONTOOLTIP_TO">
			<Text>a</Text>
		</Row>

		<Row Tag="TXT_KEY_INFOADDICT_RELATIONTOOLTIP_FROM">
			<Text>da</Text>
		</Row>

		<Row Tag="TXT_KEY_INFOADDICT_RELATIONTOOLTIP_EXPORTS">
			<Text>Esporta</Text>
		</Row>

		<Row Tag="TXT_KEY_INFOADDICT_RELATIONTOOLTIP_IMPORTS">
			<Text>Importa</Text>
		</Row>

		<Row Tag="TXT_KEY_INFOADDICT_RELATIONTOOLTIP_TRADEROUTES">
			<Text>Trade Routes</Text>
		</Row>
		
		<Row Tag="TXT_KEY_INFOADDICT_RELATIONTOOLTIP_RESEARCH_AGREEMENTS">
			<Text>Accordi di Ricerca</Text>
		</Row>

		<Row Tag="TXT_KEY_INFOADDICT_RELATIONTOOLTIP_HOSTILE">
			<Text>Ostile con</Text>
		</Row>

		<Row Tag="TXT_KEY_INFOADDICT_RELATIONTOOLTIP_GUARDED">
			<Text>Diffidente con</Text>
		</Row>

		<Row Tag="TXT_KEY_INFOADDICT_RELATIONTOOLTIP_AFRAID">
			<Text>Intimidito da</Text>
		</Row>

		<Row Tag="TXT_KEY_INFOADDICT_RELATIONTOOLTIP_FRIENDLY">
			<Text>Amico con</Text>
		</Row>

		<Row Tag="TXT_KEY_INFOADDICT_RELATIONTOOLTIP_NEUTRAL">
			<Text>Neutrale con</Text>
		</Row>


		<!-- Text for the options screen -->
		<Row Tag="TXT_KEY_INFOADDICT_OPTIONS_HISTORICAL_FIELD_TOOLTIPS">
			<Text>Tooltip per il Grafico Storico</Text>
		</Row>

		<Row Tag="TXT_KEY_INFOADDICT_OPTIONS_HISTORICAL_FIELD_TOOLTIPS_TT">
			<Text>Abilita i tooltip ed evidenzia i grafici storici al passaggio del mouse.</Text>
		</Row>

		<Row Tag="TXT_KEY_INFOADDICT_OPTIONS_HISTORICAL_YAXIS">
			<Text>Asse Y Grafici Storici</Text>
		</Row>

		<Row Tag="TXT_KEY_INFOADDICT_OPTIONS_HISTORICAL_YAXIS_TT">
			<Text>Visualizza l'Asse Y sulla sinistra dei grafici storici.</Text>
		</Row>

		<Row Tag="TXT_KEY_INFOADDICT_OPTIONS_HISTORICAL_XAXIS_LABEL_COUNT">
			<Text>Etichette Asse X: {1_Num}</Text>
		</Row>

		<Row Tag="TXT_KEY_INFOADDICT_OPTIONS_HISTORICAL_XAXIS_LABEL_COUNT_TT">
			<Text>Numero di etichette sull'Asse X da visualizzare nei grafici storici.</Text>
		</Row>

		<Row Tag="TXT_KEY_INFOADDICT_OPTIONS_HISTORICAL_YAXIS_LABEL_COUNT">
			<Text>Etichette Asse Y: {1_Num}</Text>
		</Row>

		<Row Tag="TXT_KEY_INFOADDICT_OPTIONS_HISTORICAL_YAXIS_LABEL_COUNT_TT">
			<Text>Numero di etichette sull'Asse Y da visualizzare nei grafici storici.</Text>
		</Row>

		<Row Tag="TXT_KEY_INFOADDICT_OPTIONS_HISTORICAL_LINEOFFSET">
			<Text>Offset di Linea Grafici Storici</Text>
		</Row>

		<Row Tag="TXT_KEY_INFOADDICT_OPTIONS_HISTORICAL_LINEOFFSET_TT">
			<Text>Aggiunge un piccolo offset ad ogni linea nei grafici storici per rendere visibile ciascuna linea nei grafici storici quando due civ hanno lo stesso valore.</Text>
		</Row>

		<Row Tag="TXT_KEY_INFOADDICT_OPTIONS_HISTORICAL_SMOOTHLINES">
			<Text>Linee Smussate nei Grafici Storici</Text>
		</Row>

		<Row Tag="TXT_KEY_INFOADDICT_OPTIONS_HISTORICAL_SMOOTHLINES_TT">
			<Text>Smussa le linee nei grafici storici al posto di segmenti verticali ed orizzontali.</Text>
		</Row>

	</Language_it_IT>
</GameData>