<?xml version="1.0" encoding="utf-8"?>
<!-- Created by ModBuddy for robk on 10/8/2010 10:43:13 PM -->

<Context Color0="Beige" Color1="Black,256" Font="TwCenMT14" FontStyle="Shadow" >

  <Box Size="990,650" Anchor="C,C" Offset="0,42" Color="White.0" ID="HistoricalPanel">

    <!-- Vertical Seperator -->
    <Box Size="130,534" Anchor="L,T" Offset="0,75" Padding="0,0" Color="White.0" >
      <Image Anchor="R,C" AnchorSide="o,i" Texture="VerticalTrim.dds" Size="5,534" />
    </Box>
    
    <!-- Scroll panel that acts as the key and the empire selector for highlighting -->
    
    <ScrollPanel Anchor="L,T" Offset="15,75" Size="127,500" Vertical="1" ID="ListScrollPanel" AutoScrollBar="1" >

      <ScrollBar Offset="0,18" Style="VertSlider" Anchor="R,T" Length="464" ID="LeftScrollBar"/>
      <UpButton  Offset="0,0"  Style="ScrollBarUp"  Anchor="R,T" ID="LeftUpButton"/>
      <DownButton Offset="0,0" Style="ScrollBarDown"  Anchor="R,B" ID="LeftDownButton"/>

      <!--list of articles in this category-->
      <Stack Anchor="L,T" Offset="0,0" StackGrowth="Bottom" Padding="0" ID="EmpireStack" />
 
    </ScrollPanel>

    <!-- Reset Button that shows up when something is selected -->
    <TextButton Anchor="L,B" Offset="27,50" Font="TwCenMT14" ColorSet="Beige_Black_Alpha" FontStyle="Shadow" String="TXT_KEY_INFOADDICT_RESET_SELECTIONS" ID="SelectionResetButton" Hidden="1">
      <ShowOnMouseOver>
        <Label Anchor="L,C" Offset="0,0" Font="TwCenMT14" ColorSet="Beige_Black_Alpha" Color="70.130.180.255" FontStyle="Shadow" String="TXT_KEY_INFOADDICT_RESET_SELECTIONS" />
      </ShowOnMouseOver>
    </TextButton>
    
    <!-- Buttons for choosing the graph bars (stacks) -->
    <Button  Anchor="L,B" Size="30,24" Offset="135,60" String="1" ID="StackOneButton" >
      <ShowOnMouseOver>
        <AlphaAnim Anchor="L,C" Size="30,27" Pause="0" Cycle="Bounce" Speed="1" AlphaStart="2" AlphaEnd="1"  >
          <Grid   Size="30,27" Offset="0,2" Padding="0,0" Style="Grid9FrameTurnsHL" />
        </AlphaAnim>
      </ShowOnMouseOver>
      <!-- Selected State  -->
      <Grid Anchor="C,C" Offset="0,1" Size="30,26"  Style="Grid9FrameTurns" Hidden="1" ID="StackOneSelectHighlight" />
    </Button>

    <Button  Anchor="L,B" Size="30,24" Offset="160,60" String="2" ID="StackTwoButton" >
      <ShowOnMouseOver>
        <AlphaAnim Anchor="L,C" Size="30,27" Pause="0" Cycle="Bounce" Speed="1" AlphaStart="2" AlphaEnd="1"  >
          <Grid   Size="30,27" Offset="0,2" Padding="0,0" Style="Grid9FrameTurnsHL" />
        </AlphaAnim>
      </ShowOnMouseOver>
      <!-- Selected State  -->
      <Grid Anchor="C,C" Offset="0,1" Size="30,26"  Style="Grid9FrameTurns" Hidden="1" ID="StackTwoSelectHighlight" />
    </Button>

	<Button  Anchor="L,B" Size="30,24" Offset="185,60" String="3" ID="StackThreeButton" >
		<ShowOnMouseOver>
			<AlphaAnim Anchor="L,C" Size="30,27" Pause="0" Cycle="Bounce" Speed="1" AlphaStart="2" AlphaEnd="1"  >
				<Grid   Size="30,27" Offset="0,2" Padding="0,0" Style="Grid9FrameTurnsHL" />
			</AlphaAnim>
		</ShowOnMouseOver>
		<!-- Selected State  -->
		<Grid Anchor="C,C" Offset="0,1" Size="30,26"  Style="Grid9FrameTurns" Hidden="1" ID="StackThreeSelectHighlight" />
	</Button>
 
	  
    <!-- Box for testing key location -->
    <Box Color="White.0" Anchor="C,B" Size="720,32" Offset="75,60" ID="MisterBox" />
      
    <!-- First text stack for choosing the type of graph -->
    <Stack Anchor="C,B" Size="710,32" Offset="85,60" Padding="0" StackGrowth="Right" ID="StackOne">

      <!-- Button for score graph-->
      <Button  Anchor="L,T" Size="50,24" Offset="0,0" String="TXT_KEY_INFOADDICT_CATEGORY_SCORE" ID="ScoreButton" >
        <ShowOnMouseOver>
          <AlphaAnim Anchor="L,C" Size="50,27" Pause="0" Cycle="Bounce" Speed="1" AlphaStart="2" AlphaEnd="1"  >
            <Grid   Size="50,27" Offset="0,2" Padding="0,0" Style="Grid9FrameTurnsHL" />
          </AlphaAnim>
        </ShowOnMouseOver>
        <!-- Selected State  -->
        <Grid Anchor="C,C" Offset="0,1" Size="50,26"  Style="Grid9FrameTurns" Hidden="1" ID="ScoreSelectHighlight" />
      </Button>

      <!-- Button for military power graph -->
      <Button  Anchor="L,T" Size="95,24" Offset="0,0" String="TXT_KEY_INFOADDICT_CATEGORY_MILITARY" ID="PowerButton" >
        <ShowOnMouseOver>
          <AlphaAnim Anchor="L,C" Size="95,27" Pause="0" Cycle="Bounce" Speed="1" AlphaStart="2" AlphaEnd="1"  >
            <Grid   Size="95,27" Offset="0,2" Padding="0,0" Style="Grid9FrameTurnsHL" />
          </AlphaAnim>
        </ShowOnMouseOver>
        <!-- Selected State  -->
        <Grid Anchor="C,C" Offset="0,1" Size="95,26"  Style="Grid9FrameTurns" Hidden="1" ID="PowerSelectHighlight" />
      </Button>

      <!-- Button for net gold graph -->
      <Button  Anchor="L,T" Size="80,24" Offset="0,0" String="TXT_KEY_INFOADDICT_CATEGORY_NETGOLD" ID="GoldButton" >
        <ShowOnMouseOver>
          <AlphaAnim Anchor="L,C" Size="80,27" Pause="0" Cycle="Bounce" Speed="1" AlphaStart="2" AlphaEnd="1"  >
            <Grid   Size="80,27" Offset="0,2" Padding="0,0" Style="Grid9FrameTurnsHL" />
          </AlphaAnim>
        </ShowOnMouseOver>
        <!-- Selected State  -->
        <Grid Anchor="C,C" Offset="0,1" Size="80,26"  Style="Grid9FrameTurns" Hidden="1" ID="GoldSelectHighlight" />
      </Button>

      <!-- Button for gross gold graph -->
      <Button  Anchor="L,T" Size="60,24" Offset="0,0" String="TXT_KEY_INFOADDICT_CATEGORY_GNP" ID="GrossGoldButton" >
        <ShowOnMouseOver>
          <AlphaAnim Anchor="L,C" Size="60,27" Pause="0" Cycle="Bounce" Speed="1" AlphaStart="2" AlphaEnd="1"  >
            <Grid   Size="60,27" Offset="0,2" Padding="0,0" Style="Grid9FrameTurnsHL" />
          </AlphaAnim>
        </ShowOnMouseOver>
        <!-- Selected State  -->
        <Grid Anchor="C,C" Offset="0,1" Size="60,26"  Style="Grid9FrameTurns" Hidden="1" ID="GrossGoldSelectHighlight" />
      </Button>

      <!-- Button for total gold graph -->
      <Button  Anchor="L,T" Size="80,24" Offset="0,0" String="TXT_KEY_INFOADDICT_CATEGORY_TREASURY" ID="TotalGoldButton" >
        <ShowOnMouseOver>
          <AlphaAnim Anchor="L,C" Size="80,27" Pause="0" Cycle="Bounce" Speed="1" AlphaStart="2" AlphaEnd="1"  >
            <Grid   Size="80,27" Offset="0,2" Padding="0,0" Style="Grid9FrameTurnsHL" />
          </AlphaAnim>
        </ShowOnMouseOver>
        <!-- Selected State  -->
        <Grid Anchor="C,C" Offset="0,1" Size="80,26"  Style="Grid9FrameTurns" Hidden="1" ID="TotalGoldSelectHighlight" />
      </Button>

      <!-- Button for trade routes graph -->
      <Button  Anchor="L,T" Size="110,24" Offset="0,0" String="TXT_KEY_INFOADDICT_CATEGORY_TRADEROUTES" ID="TradeRoutesButton" >
		<ShowOnMouseOver>
			<AlphaAnim Anchor="L,C" Size="110,27" Pause="0" Cycle="Bounce" Speed="1" AlphaStart="2" AlphaEnd="1"  >
				<Grid   Size="110,27" Offset="0,2" Padding="0,0" Style="Grid9FrameTurnsHL" />
			</AlphaAnim>
		</ShowOnMouseOver>
		<!-- Selected State  -->
		<Grid Anchor="C,C" Offset="0,1" Size="110,26"  Style="Grid9FrameTurns" Hidden="1" ID="TradeRoutesSelectHighlight" />
      </Button>
		
      <!-- Button for happiness graph -->
      <Button  Anchor="L,T" Size="90,24" Offset="0,0" String="TXT_KEY_INFOADDICT_CATEGORY_HAPPINESS" ID="HappyButton" >
        <ShowOnMouseOver>
          <AlphaAnim Anchor="L,C" Size="90,27" Pause="0" Cycle="Bounce" Speed="1" AlphaStart="2" AlphaEnd="1"  >
            <Grid   Size="90,27" Offset="0,2" Padding="0,0" Style="Grid9FrameTurnsHL" />
          </AlphaAnim>
        </ShowOnMouseOver>
        <!-- Selected State  -->
        <Grid Anchor="C,C" Offset="0,1" Size="90,26"  Style="Grid9FrameTurns" Hidden="1" ID="HappySelectHighlight" />
      </Button>

      <!-- Button for science graph -->
      <Button  Anchor="L,T" Size="70,24" Offset="0,0" String="TXT_KEY_INFOADDICT_CATEGORY_SCIENCE" ID="ScienceButton" >
        <ShowOnMouseOver>
          <AlphaAnim Anchor="L,C" Size="70,27" Pause="0" Cycle="Bounce" Speed="1" AlphaStart="2" AlphaEnd="1"  >
            <Grid   Size="70,27" Offset="0,2" Padding="0,0" Style="Grid9FrameTurnsHL" />
          </AlphaAnim>
        </ShowOnMouseOver>
        <!-- Selected State  -->
        <Grid Anchor="C,C" Offset="0,1" Size="70,26"  Style="Grid9FrameTurns" Hidden="1" ID="ScienceSelectHighlight" />
      </Button>

    </Stack>
    
    
    <!-- Second text stack for choosing the type of graph -->
    <Stack Anchor="C,B" Size="710,32" Offset="85,60" Padding="0" StackGrowth="Right" ID="StackTwo">

      <!-- Button for production graph -->
      <Button  Anchor="L,T" Size="120,24" Offset="0,0" String="TXT_KEY_INFOADDICT_CATEGORY_MANUFACTURING" ID="ProductionButton" >
        <ShowOnMouseOver>
          <AlphaAnim Anchor="L,C" Size="120,27" Pause="0" Cycle="Bounce" Speed="1" AlphaStart="2" AlphaEnd="1"  >
            <Grid   Size="120,27" Offset="0,2" Padding="0,0" Style="Grid9FrameTurnsHL" />
          </AlphaAnim>
        </ShowOnMouseOver>
        <!-- Selected State  -->
        <Grid Anchor="C,C" Offset="0,1" Size="120,26"  Style="Grid9FrameTurns" Hidden="1" ID="ProductionSelectHighlight" />
      </Button>
      
      <!-- Button for population graph-->
      <Button  Anchor="L,T" Size="100,24" Offset="0,0" String="TXT_KEY_INFOADDICT_CATEGORY_POPULATION" ID="PopulationButton" >
        <ShowOnMouseOver>
          <AlphaAnim Anchor="L,C" Size="100,27" Pause="0" Cycle="Bounce" Speed="1" AlphaStart="2" AlphaEnd="1"  >
            <Grid   Size="100,27" Offset="0,2" Padding="0,0" Style="Grid9FrameTurnsHL" />
          </AlphaAnim>
        </ShowOnMouseOver>
        <!-- Selected State  -->
        <Grid Anchor="C,C" Offset="0,1" Size="100,26"  Style="Grid9FrameTurns" Hidden="1" ID="PopulationSelectHighlight" />
      </Button>

      <!-- Button for crop yield graph-->
      <Button  Anchor="L,T" Size="100,24" Offset="0,0" String="TXT_KEY_INFOADDICT_CATEGORY_CROPYIELD" ID="FoodButton" >
        <ShowOnMouseOver>
          <AlphaAnim Anchor="L,C" Size="100,27" Pause="0" Cycle="Bounce" Speed="1" AlphaStart="2" AlphaEnd="1"  >
            <Grid   Size="100,27" Offset="0,2" Padding="0,0" Style="Grid9FrameTurnsHL" />
          </AlphaAnim>
        </ShowOnMouseOver>
        <!-- Selected State  -->
        <Grid Anchor="C,C" Offset="0,1" Size="100,26"  Style="Grid9FrameTurns" Hidden="1" ID="FoodSelectHighlight" />
      </Button>

      <!-- Button for num of technologies graph -->
      <Button  Anchor="L,T" Size="75,24" Offset="0,0" String="TXT_KEY_INFOADDICT_CATEGORY_TECHS" ID="TechsButton" >
        <ShowOnMouseOver>
          <AlphaAnim Anchor="L,C" Size="75,27" Pause="0" Cycle="Bounce" Speed="1" AlphaStart="2" AlphaEnd="1"  >
            <Grid   Size="75,27" Offset="0,2" Padding="0,0" Style="Grid9FrameTurnsHL" />
          </AlphaAnim>
        </ShowOnMouseOver>
        <!-- Selected State  -->
        <Grid Anchor="C,C" Offset="0,1" Size="75,26"  Style="Grid9FrameTurns" Hidden="1" ID="TechsSelectHighlight" />
      </Button>

      <!-- Button for num of policies graph -->
      <Button  Anchor="L,T" Size="80,24" Offset="0,0" String="TXT_KEY_INFOADDICT_CATEGORY_POLICIES" ID="PoliciesButton" >
        <ShowOnMouseOver>
          <AlphaAnim Anchor="L,C" Size="80,27" Pause="0" Cycle="Bounce" Speed="1" AlphaStart="2" AlphaEnd="1"  >
            <Grid   Size="80,27" Offset="0,2" Padding="0,0" Style="Grid9FrameTurnsHL" />
          </AlphaAnim>
        </ShowOnMouseOver>
        <!-- Selected State  -->
        <Grid Anchor="C,C" Offset="0,1" Size="80,26"  Style="Grid9FrameTurns" Hidden="1" ID="PoliciesSelectHighlight" />
      </Button>
    
      <!-- Button for land area graph -->
      <Button  Anchor="L,T" Size="95,24" Offset="0,0" String="TXT_KEY_INFOADDICT_CATEGORY_LANDAREA" ID="LandButton" >
        <ShowOnMouseOver>
          <AlphaAnim Anchor="L,C" Size="95,27" Pause="0" Cycle="Bounce" Speed="1" AlphaStart="2" AlphaEnd="1"  >
            <Grid   Size="95,27" Offset="0,2" Padding="0,0" Style="Grid9FrameTurnsHL" />
          </AlphaAnim>
        </ShowOnMouseOver>
        <!-- Selected State  -->
        <Grid Anchor="C,C" Offset="0,1" Size="95,26"  Style="Grid9FrameTurns" Hidden="1" ID="LandSelectHighlight" />
      </Button>

      <!-- Button for num of cities graph -->
      <Button  Anchor="L,T" Size="72,24" Offset="0,0" String="TXT_KEY_INFOADDICT_CATEGORY_NUMCITIES" ID="CitiesButton" >
        <ShowOnMouseOver>
          <AlphaAnim Anchor="L,C" Size="72,27" Pause="0" Cycle="Bounce" Speed="1" AlphaStart="2" AlphaEnd="1"  >
            <Grid   Size="72,27" Offset="0,2" Padding="0,0" Style="Grid9FrameTurnsHL" />
          </AlphaAnim>
        </ShowOnMouseOver>
        <!-- Selected State  -->
        <Grid Anchor="C,C" Offset="0,1" Size="72,26"  Style="Grid9FrameTurns" Hidden="1" ID="CitiesSelectHighlight" />
      </Button>
      
    </Stack>

	<!-- Third text stack for choosing the type of graph -->
	<Stack Anchor="C,B" Size="710,32" Offset="85,60" Padding="0" StackGrowth="Right" ID="StackThree">


	<!-- Button for culture graph -->
	<Button  Anchor="L,T" Size="80,24" Offset="0,0" String="TXT_KEY_INFOADDICT_CATEGORY_CULTURE" ID="CultureButton" >
		<ShowOnMouseOver>
			<AlphaAnim Anchor="L,C" Size="80,27" Pause="0" Cycle="Bounce" Speed="1" AlphaStart="2" AlphaEnd="1"  >
				<Grid   Size="80,27" Offset="0,2" Padding="0,0" Style="Grid9FrameTurnsHL" />
			</AlphaAnim>
		</ShowOnMouseOver>
		<!-- Selected State  -->
		<Grid Anchor="C,C" Offset="0,1" Size="80,26"  Style="Grid9FrameTurns" Hidden="1" ID="CultureSelectHighlight" />
	</Button>

	<!-- Button for influence graph -->
	<Button  Anchor="L,T" Size="90,24" Offset="0,0" String="TXT_KEY_INFOADDICT_CATEGORY_INFLUENCE" ID="InfluenceButton" >
		<ShowOnMouseOver>
			<AlphaAnim Anchor="L,C" Size="90,27" Pause="0" Cycle="Bounce" Speed="1" AlphaStart="2" AlphaEnd="1"  >
				<Grid   Size="90,27" Offset="0,2" Padding="0,0" Style="Grid9FrameTurnsHL" />
			</AlphaAnim>
		</ShowOnMouseOver>
		<!-- Selected State  -->
		<Grid Anchor="C,C" Offset="0,1" Size="90,26"  Style="Grid9FrameTurns" Hidden="1" ID="InfluenceSelectHighlight" />
	</Button>

	<!-- Button for tourism graph -->
	<Button  Anchor="L,T" Size="70,24" Offset="0,0" String="TXT_KEY_INFOADDICT_CATEGORY_TOURISM" ID="TourismButton" >
		<ShowOnMouseOver>
			<AlphaAnim Anchor="L,C" Size="70,27" Pause="0" Cycle="Bounce" Speed="1" AlphaStart="2" AlphaEnd="1"  >
				<Grid   Size="70,27" Offset="0,2" Padding="0,0" Style="Grid9FrameTurnsHL" />
			</AlphaAnim>
		</ShowOnMouseOver>
		<!-- Selected State  -->
		<Grid Anchor="C,C" Offset="0,1" Size="70,26"  Style="Grid9FrameTurns" Hidden="1" ID="TourismSelectHighlight" />
	</Button>
		
	<!-- Button for great works graph -->
	<Button  Anchor="L,T" Size="110,24" Offset="0,0" String="TXT_KEY_INFOADDICT_CATEGORY_GREATWORKS" ID="GreatWorksButton" >
		<ShowOnMouseOver>
			<AlphaAnim Anchor="L,C" Size="110,27" Pause="0" Cycle="Bounce" Speed="1" AlphaStart="2" AlphaEnd="1"  >
				<Grid   Size="110,27" Offset="0,2" Padding="0,0" Style="Grid9FrameTurnsHL" />
			</AlphaAnim>
		</ShowOnMouseOver>
		<!-- Selected State  -->
		<Grid Anchor="C,C" Offset="0,1" Size="110,26"  Style="Grid9FrameTurns" Hidden="1" ID="GreatWorksSelectHighlight" />
	</Button>
		
    <!-- Button for wonders graph -->
    <Button  Anchor="L,T" Size="90,24" Offset="0,0" String="TXT_KEY_INFOADDICT_CATEGORY_WONDERS" ID="WondersButton" >
      <ShowOnMouseOver>
        <AlphaAnim Anchor="L,C" Size="90,27" Pause="0" Cycle="Bounce" Speed="1" AlphaStart="2" AlphaEnd="1"  >
          <Grid   Size="90,27" Offset="0,2" Padding="0,0" Style="Grid9FrameTurnsHL" />
        </AlphaAnim>
      </ShowOnMouseOver>
      <!-- Selected State  -->
      <Grid Anchor="C,C" Offset="0,1" Size="90,26"  Style="Grid9FrameTurns" Hidden="1" ID="WondersSelectHighlight" />
    </Button>

    <!-- Button for faith per turn graph-->
    <Button  Anchor="L,T" Size="100,24" Offset="0,0" String="TXT_KEY_INFOADDICT_CATEGORY_FAITHPERTURN" ID="FaithPerTurnButton" >
      <ShowOnMouseOver>
        <AlphaAnim Anchor="L,C" Size="100,27" Pause="0" Cycle="Bounce" Speed="1" AlphaStart="2" AlphaEnd="1"  >
          <Grid   Size="100,27" Offset="0,2" Padding="0,0" Style="Grid9FrameTurnsHL" />
        </AlphaAnim>
      </ShowOnMouseOver>
      <!-- Selected State  -->
      <Grid Anchor="C,C" Offset="0,1" Size="100,26"  Style="Grid9FrameTurns" Hidden="1" ID="FaithPerTurnSelectHighlight" />
    </Button>
    
	<!-- Button for faith graph -->
	<Button  Anchor="L,T" Size="90,24" Offset="0,0" String="TXT_KEY_INFOADDICT_CATEGORY_FAITH" ID="FaithButton" >
		<ShowOnMouseOver>
			<AlphaAnim Anchor="L,C" Size="90,27" Pause="0" Cycle="Bounce" Speed="1" AlphaStart="2" AlphaEnd="1"  >
				<Grid   Size="90,27" Offset="0,2" Padding="0,0" Style="Grid9FrameTurnsHL" />
			</AlphaAnim>
		</ShowOnMouseOver>
		<!-- Selected State  -->
		<Grid Anchor="C,C" Offset="0,1" Size="90,26"  Style="Grid9FrameTurns" Hidden="1" ID="FaithSelectHighlight" />
	</Button>

    
	</Stack>

    <!-- Zoom button -->
    <Button  Anchor="L,B" Size="40,24" Offset="930,60" String="" ID="ZoomButton" Tooltip="zoom" Hidden="1">
      <ShowOnMouseOver>
        <AlphaAnim Anchor="L,C" Size="40,27" Pause="0" Cycle="Bounce" Speed="1" AlphaStart="2" AlphaEnd="1"  >
          <Grid   Size="40,27" Offset="0,2" Padding="0,0" Style="Grid9FrameTurnsHL" />
        </AlphaAnim>
      </ShowOnMouseOver>
    </Button>
    
  </Box>
  
  
			
  <!-- Horizontal bar instance -->
	<Instance Name="LineInstanceH" >
    <Image Anchor="L,B" Color="White,255" Texture="infoaddicth.dds" Size="32,42" ID="LineH"/>
	</Instance>

  <!-- Vertical bar instance -->
	<Instance Name="LineInstanceV" >
    <Image Anchor="L,B" Color="White,255" Texture="infoaddictv.dds" Size="32,42" ID="LineV"/>
	</Instance>
  
  <!-- Instance of a generic line -->
  <Instance Name="LineInstance">
    <Line Color="White,255" Start="0,0" End="1,1" Width="1" ID="Line" />
  </Instance>
  
  
  <!-- Instance of an empire key item  -->
  <Instance Name="EmpireKeyInstance" >
    <Button Anchor="L,C" Size="110,38" Offset="2,0" ID="EmpireKeyButton" >
      <Box Color="255,255,255,0" Anchor="L,T" Offset="0,0" Size="32,32" >
        <Image ID="CivIconBG" Size="32.32" Anchor="C,C" Offset="0,0" TextureOffset="32,0" Texture="CivIconBGSizes.dds" />
        <Image ID="CivIconShadow" Size="24.24" Anchor="C,C" Offset="1,1" Texture="CivSymbolAtlas16.dds" Color="Black.128"/>
        <Image ID="CivIcon" Size="24.24" Offset="0,0"  Anchor="C,C" Texture="CivSymbolsColor256.dds" />
      </Box>
      <Image Anchor="L,T"  Offset="34,10"  Color="White,255" Texture="infoaddicth.dds" Size="50,2" ID="KeyLine" />
      <Label Anchor="L,T"  Offset="34,20"  Font="TwCenMT14" ColorSet="Beige_Black_Alpha" FontStyle="Shadow" String="" ID="CivLabel" />

      <ShowOnMouseOver>
        <AlphaAnim Anchor="C,C" Size="110,44" Pause="0" Cycle="Bounce" Speed="1" AlphaStart="2" AlphaEnd="1">
          <Grid Anchor="C,C" Size="110,44" Offset="0,0" Padding="0,0" Style="Grid9FrameTurnsHL" />
        </AlphaAnim>
      </ShowOnMouseOver>

      <!-- Selection Bubbles  -->
      <Box Anchor="R,B"  Color="255.255.255.0" Offset="1,22" Size="11,11" ID="SelectionBubbleBox">
        <Image Anchor="R,B"  Offset="0,0" Texture="selectedpip70.dds" Size="11,11" ID="SelectionOnPip" Hidden="1"/>
        <Image Anchor="R,B"  Offset="0,0" Texture="notselectedpip70.dds" Size="11,11" ID="SelectionOffPip" />
      </Box>
      
      <!-- The little line between empires -->
      <Box Color="255,255,200,128" Size="70,1" Anchor="L,B" ID="EmpireKeyBorder"/>
      
    </Button>
  </Instance>

  <!-- Instance for the x-axis labels -->
  <Instance Name="AxisTextInstance" >
    <Label Anchor="L,B" Offset="0,0" Font="TwCenMT14" ID="AxisText" WrapWidth="170" />
  </Instance>

  <!-- Instance of a hover box -->
  <Instance Name="HoverBoxInstance" >
    <Button Anchor="L,B" Color="255.255.255.0" Offset="0,0" Size="4,4" ID="HoverBox" ToolTipType="HoverTooltip">
      <ShowOnMouseOver>
        <Box Anchor="L,B" Color="135.206.250.100" Offset="0,0" Size="4,4" ID="HoverBoxHighLight"/>
      </ShowOnMouseOver>
    </Button>
  </Instance>

  <!-- Tooltip typing for the hover boxes -->
  <ToolTipType Name="HoverTooltip" >
    <Grid Offset="30,5" Size="60,12" Padding="8,8" Style="GridBlack8" Color="White,220" Anchor="L,T" ID="Grid" >
      <Stack Anchor="L,T" Offset="10,10" StackGrowth="Bottom" Padding="7" ID="HoverTooltipMainStack" />
    </Grid>
  </ToolTipType>
  
  <!-- Instance of a hover box tooltip row -->
  <Instance Name="HoverBoxTooltipRowInstance">
    <Stack Anchor="L,T" StackGrowth="Right" Offset="0,0" Padding="10" ID="HoverBoxTooltipRowStack">
      <Box Anchor="L,T" Size="50,12" Color="0.255.255.0" ID="Name">
        <Label Anchor="L,T" String="" WrapWidth="500" ColorSet="Beige_Black_Alpha" ID="NameText"  />
      </Box>
      <Box Anchor="L,T" Size="50,12" Color="255.0.255.0" ID="Value">
        <Label Anchor="R,T" String="" WrapWidth="500" ColorSet="Beige_Black_Alpha" ID="ValueText" />
      </Box>
    </Stack>
  </Instance>
  
  <!-- The label that pops up when there is no data available -->
  <Label Anchor="C,C" Offset="56,21" ColorSet="Beige_Black_Alpha" FontStyle="Shadow" Font="TwCenMT22" String="TXT_KEY_INFOADDICT_NODATA" ID="NoDataLabel"/>
  
</Context>
