<?xml version="1.0" encoding="utf-8"?>
<!-- Created by ModBuddy for robk on 11/17/2010 7:47:07 PM -->

<GameData>
	<Language_ru_RU>


		<!-- Titles in the main info addict screen -->
		<Row Tag="TXT_KEY_INFOADDICT_MAIN_TITLE">
			<Text>Info Addict</Text>
		</Row>

		<Row Tag="TXT_KEY_INFOADDICT_HISTORICAL_TITLE">
			<Text>Исторические данные</Text>
		</Row>

		<Row Tag="TXT_KEY_INFOADDICT_FACTBOOK_TITLE">
			<Text>Мировые факты</Text>
		</Row>

		<Row Tag="TXT_KEY_INFOADDICT_GLOBALRELATIONS_TITLE">
			<Text>Глобальные отношения</Text>
		</Row>

		<Row Tag="TXT_KEY_INFOADDICT_OPTIONS_TITLE">
			<Text>Настройки</Text>
		</Row>


		<!-- This is text for the reset selections button in the graph screens-->
		<Row Tag="TXT_KEY_INFOADDICT_RESET_SELECTIONS">
			<Text>Сброс фильтра</Text>
		</Row>

		<!-- Text displayed when no data is available -->
		<Row Tag="TXT_KEY_INFOADDICT_NODATA">
			<Text>Нет данных</Text>
		</Row>

		<!-- Button text during leader discussions -->
		<Row Tag="TXT_KEY_INFOADDICT_CHECK_INFOADDICT">
			<Text>Информация</Text>
		</Row>

		<!-- "of the" used when building a leader title, as in "Bismark of the German Empire" -->
		<Row Tag="TXT_KEY_INFOADDICT_OF_THE">
			<Text>из</Text>
		</Row>

		<!-- "Turn" as in "Turn 145 of the game" -->
		<Row Tag="TXT_KEY_INFOADDICT_TURN">
			<Text>Ход</Text>
		</Row>

		<!-- "Next", as in, "next page" -->
		<Row Tag="TXT_KEY_INFOADDICT_NEXT">
			<Text>Следующая</Text>
		</Row>

		<!-- "Previous", as in, "previous page" -->
		<Row Tag="TXT_KEY_INFOADDICT_PREVIOUS">
			<Text>Предыдущая</Text>
		</Row>



		<!-- Category titles for the historical graphs -->
		<Row Tag="TXT_KEY_INFOADDICT_CATEGORY_SCORE">
			<Text>Очки</Text>
		</Row>

		<Row Tag="TXT_KEY_INFOADDICT_CATEGORY_MILITARY">
			<Text>Армия</Text>
		</Row>

		<Row Tag="TXT_KEY_INFOADDICT_CATEGORY_NETGOLD">
			<Text>Прибыль</Text>
		</Row>

		<Row Tag="TXT_KEY_INFOADDICT_CATEGORY_GNP">
			<Text>Прибыль в ход</Text>
		</Row>

		<Row Tag="TXT_KEY_INFOADDICT_CATEGORY_TREASURY">
			<Text>Сокровищница</Text>
		</Row>

		<Row Tag="TXT_KEY_INFOADDICT_CATEGORY_HAPPINESS">
			<Text>Счастье</Text>
		</Row>

		<Row Tag="TXT_KEY_INFOADDICT_CATEGORY_SCIENCE">
			<Text>Наука</Text>
		</Row>

		<Row Tag="TXT_KEY_INFOADDICT_CATEGORY_CULTURE">
			<Text>Культура</Text>
		</Row>

		<Row Tag="TXT_KEY_INFOADDICT_CATEGORY_MANUFACTURING">
			<Text>Производство</Text>
		</Row>

		<Row Tag="TXT_KEY_INFOADDICT_CATEGORY_POPULATION">
			<Text>Популяция</Text>
		</Row>

		<Row Tag="TXT_KEY_INFOADDICT_CATEGORY_CROPYIELD">
			<Text>Сельское хозяйство</Text>
		</Row>

		<Row Tag="TXT_KEY_INFOADDICT_CATEGORY_LANDAREA">
			<Text>Земли</Text>
		</Row>

		<Row Tag="TXT_KEY_INFOADDICT_CATEGORY_NUMCITIES">
			<Text>Города</Text>
		</Row>

		<Row Tag="TXT_KEY_INFOADDICT_CATEGORY_TECHS">
			<Text>Технологии</Text>
		</Row>

		<Row Tag="TXT_KEY_INFOADDICT_CATEGORY_POLICIES">
			<Text>Социальные институты</Text>
		</Row>

		<Row Tag="TXT_KEY_INFOADDICT_CATEGORY_WONDERS">
			<Text>Чудеса</Text>
		</Row>

		<Row Tag="TXT_KEY_INFOADDICT_CATEGORY_INCOME">
			<Text>Income</Text>
		</Row>

		<Row Tag="TXT_KEY_INFOADDICT_CATEGORY_FAITH">
			<Text>Вера</Text>
		</Row>

		<Row Tag="TXT_KEY_INFOADDICT_CATEGORY_FAITHPERTURN">
			<Text>Веры в ход</Text>
		</Row>

		<Row Tag="TXT_KEY_INFOADDICT_CATEGORY_INFLUENCE">
			<Text>Influence</Text>
		</Row>

		<Row Tag="TXT_KEY_INFOADDICT_CATEGORY_GREATWORKS">
			<Text>Great Works</Text>
		</Row>

		<Row Tag="TXT_KEY_INFOADDICT_CATEGORY_TRADEROUTES">
			<Text>Trade Routes</Text>
		</Row>

		<Row Tag="TXT_KEY_INFOADDICT_CATEGORY_TOURISM">
			<Text>Tourism</Text>
		</Row>


		<!-- Headers for the rank tables in the world factbook -->
		<Row Tag="TXT_KEY_INFOADDICT_HEADER_RANK">
			<Text>Ранг</Text>
		</Row>

		<Row Tag="TXT_KEY_INFOADDICT_HEADER_EMPIRE">
			<Text>Империя</Text>
		</Row>

		<Row Tag="TXT_KEY_INFOADDICT_HEADER_VALUE">
			<Text>Значение</Text>
		</Row>



		<!-- Rank titles in the world factbook (left bar menu and table title) -->
		<Row Tag="TXT_KEY_INFOADDICT_RANKTITLE_POPULATION">
			<Text>Популяция</Text>
		</Row>

		<Row Tag="TXT_KEY_INFOADDICT_RANKTITLE_CROPYIELD">
			<Text>Сельское хозяйство</Text>
		</Row>

		<Row Tag="TXT_KEY_INFOADDICT_RANKTITLE_MANUFACTUREDGOODS">
			<Text>Произведено товаров</Text>
		</Row>

		<Row Tag="TXT_KEY_INFOADDICT_RANKTITLE_GNP">
			<Text>Прибыль в ход</Text>
		</Row>

		<Row Tag="TXT_KEY_INFOADDICT_RANKTITLE_LANDAREA">
			<Text>Земли</Text>
		</Row>

		<Row Tag="TXT_KEY_INFOADDICT_RANKTITLE_MILITARYMANPOWER">
			<Text>Вооруженные силы</Text>
		</Row>

		<Row Tag="TXT_KEY_INFOADDICT_RANKTITLE_APPROVAL">
			<Text>Поддержка населением</Text>
		</Row>

		<Row Tag="TXT_KEY_INFOADDICT_RANKTITLE_LITERACY">
			<Text>Грамотность</Text>
		</Row>

		<Row Tag="TXT_KEY_INFOADDICT_RANKTITLE_SOCIALSTANDING">
			<Text>Социальный статус</Text>
		</Row>

		<Row Tag="TXT_KEY_INFOADDICT_RANKTITLE_HAPPINESS">
			<Text>Счастье</Text>
		</Row>

		<Row Tag="TXT_KEY_INFOADDICT_RANKTITLE_TECHNOLOGIES">
			<Text>Технологии</Text>
		</Row>

		<Row Tag="TXT_KEY_INFOADDICT_RANKTITLE_NETGOLD">
			<Text>Прибыль</Text>
		</Row>

		<Row Tag="TXT_KEY_INFOADDICT_RANKTITLE_NUMCITIES">
			<Text>Города</Text>
		</Row>

		<Row Tag="TXT_KEY_INFOADDICT_RANKTITLE_SCIENCE">
			<Text>Наука</Text>
		</Row>

		<Row Tag="TXT_KEY_INFOADDICT_RANKTITLE_CULTURE">
			<Text>Культура</Text>
		</Row>

		<Row Tag="TXT_KEY_INFOADDICT_RANKTITLE_WONDERS">
			<Text>Чудеса Света</Text>
		</Row>

		<Row Tag="TXT_KEY_INFOADDICT_RANKTITLE_TREASURY">
			<Text>Сокровищница</Text>
		</Row>

		<Row Tag="TXT_KEY_INFOADDICT_RANKTITLE_INCOME">
			<Text>Income</Text>
		</Row>

		<Row Tag="TXT_KEY_INFOADDICT_RANKTITLE_FAITH">
			<Text>Вера</Text>
		</Row>

		<Row Tag="TXT_KEY_INFOADDICT_RANKTITLE_FAITHPERTURN">
			<Text>Веры в ход</Text>
		</Row>

		<Row Tag="TXT_KEY_INFOADDICT_RANKTITLE_INFLUENCE">
			<Text>Influence</Text>
		</Row>

		<Row Tag="TXT_KEY_INFOADDICT_RANKTITLE_GREATWORKS">
			<Text>Great Works</Text>
		</Row>

		<Row Tag="TXT_KEY_INFOADDICT_RANKTITLE_TRADEROUTES">
			<Text>Trade Routes</Text>
		</Row>

		<Row Tag="TXT_KEY_INFOADDICT_RANKTITLE_TOURISM">
			<Text>Tourism</Text>
		</Row>


		<!-- Rank units in the world factbook (shows up as table header) -->
		<Row Tag="TXT_KEY_INFOADDICT_RANKUNITS_PEOPLE">
			<Text>Народ</Text>
		</Row>

		<Row Tag="TXT_KEY_INFOADDICT_RANKUNITS_BUSHELS">
			<Text>миллионов бушелей</Text>
		</Row>

		<Row Tag="TXT_KEY_INFOADDICT_RANKUNITS_TONS">
			<Text>миллионов тонн</Text>
		</Row>

		<Row Tag="TXT_KEY_INFOADDICT_RANKUNITS_GOLD">
			<Text>миллионов золотых монет</Text>
		</Row>

		<Row Tag="TXT_KEY_INFOADDICT_RANKUNITS_SQUAREKILOMETERS">
			<Text>квадратных километров</Text>
		</Row>

		<Row Tag="TXT_KEY_INFOADDICT_RANKUNITS_SOLDIERS">
			<Text>солдат</Text>
		</Row>

		<Row Tag="TXT_KEY_INFOADDICT_RANKUNITS_PERCENTOFPOP">
			<Text>Доля населения</Text>
		</Row>

		<Row Tag="TXT_KEY_INFOADDICT_RANKUNITS_POLICIESADOPTED">
			<Text>принято общественных институтов</Text>
		</Row>

		<Row Tag="TXT_KEY_INFOADDICT_RANKUNITS_NETHAPPY">
			<Text>Итого счастья</Text>
		</Row>

		<Row Tag="TXT_KEY_INFOADDICT_RANKUNITS_TECHDISCOVERED">
			<Text>Технологий исследовано</Text>
		</Row>

		<Row Tag="TXT_KEY_INFOADDICT_RANKUNITS_NUMCITIES">
			<Text>Количество городов</Text>
		</Row>

		<Row Tag="TXT_KEY_INFOADDICT_RANKUNITS_SCIENCE">
			<Text>Исследований в ход</Text>
		</Row>

		<Row Tag="TXT_KEY_INFOADDICT_RANKUNITS_CULTURE">
			<Text>Культуры в ход</Text>
		</Row>

		<Row Tag="TXT_KEY_INFOADDICT_RANKUNITS_WONDERS">
			<Text>Чудес Света во владении</Text>
		</Row>

		<Row Tag="TXT_KEY_INFOADDICT_RANKUNITS_FAITH">
			<Text>Веры</Text>
		</Row>

		<Row Tag="TXT_KEY_INFOADDICT_RANKUNITS_FAITHPERTURN">
			<Text>Веры в ход</Text>
		</Row>

		<Row Tag="TXT_KEY_INFOADDICT_RANKUNITS_INFLUENCE">
			<Text>Civs Influenced</Text>
		</Row>

		<Row Tag="TXT_KEY_INFOADDICT_RANKUNITS_GREATWORKS">
			<Text>Great Works</Text>
		</Row>

		<Row Tag="TXT_KEY_INFOADDICT_RANKUNITS_TRADEROUTES">
			<Text>Trade Routes</Text>
		</Row>

		<Row Tag="TXT_KEY_INFOADDICT_RANKUNITS_TOURISM">
			<Text>Tourism Output</Text>
		</Row>


		<!-- Menu titles for the world factbook (left bar) -->
		<Row Tag="TXT_KEY_INFOADDICT_MENUTITLE_WORLDRANKINGS">
			<Text>Мировые результаты</Text>
		</Row>

		<Row Tag="TXT_KEY_INFOADDICT_MENUTITLE_EMPIRES">
			<Text>Империи</Text>
		</Row>



		<!-- Attribute names in the Empire factbook screen -->
		<Row Tag="TXT_KEY_INFOADDICT_EMPIREATTR_HEADOFSTATE">
			<Text>Глава государства</Text>
		</Row>

		<Row Tag="TXT_KEY_INFOADDICT_EMPIREATTR_POPULATION">
			<Text>Население</Text>
		</Row>

		<Row Tag="TXT_KEY_INFOADDICT_EMPIREATTR_LANDAREA">
			<Text>Земли (квадратных километров)</Text>
		</Row>

		<Row Tag="TXT_KEY_INFOADDICT_EMPIREATTR_GNP">
			<Text>Золота в ход (миллионов золотых монет)</Text>
		</Row>

		<Row Tag="TXT_KEY_INFOADDICT_EMPIREATTR_NETGOLD">
			<Text>Чистого золота в ход (миллионов золотых монет)</Text>
		</Row>

		<Row Tag="TXT_KEY_INFOADDICT_EMPIREATTR_MILITARY">
			<Text>Армия</Text>
		</Row>

		<Row Tag="TXT_KEY_INFOADDICT_EMPIREATTR_CROPYIELD">
			<Text>Сельское хозяйство (миллионов бушелей)</Text>
		</Row>

		<Row Tag="TXT_KEY_INFOADDICT_EMPIREATTR_INDUSTRIALOUTPUT">
			<Text>Производство (миллионов тонн)</Text>
		</Row>

		<Row Tag="TXT_KEY_INFOADDICT_EMPIREATTR_APPROVALRATE">
			<Text>Уровень поддержки населением</Text>
		</Row>

		<Row Tag="TXT_KEY_INFOADDICT_EMPIREATTR_NETHAPPY">
			<Text>Итоговое счастье</Text>
		</Row>

		<Row Tag="TXT_KEY_INFOADDICT_EMPIREATTR_LITERACY">
			<Text>Уровень грамотности</Text>
		</Row>

		<Row Tag="TXT_KEY_INFOADDICT_EMPIREATTR_TECHDISCOVERED">
			<Text>Технологий исследовано</Text>
		</Row>

		<Row Tag="TXT_KEY_INFOADDICT_EMPIREATTR_POLICIES">
			<Text>Принято социальных институтов</Text>
		</Row>

		<Row Tag="TXT_KEY_INFOADDICT_EMPIREATTR_NUMCITIES">
			<Text>Количество городов</Text>
		</Row>

		<Row Tag="TXT_KEY_INFOADDICT_EMPIREATTR_SCIENCE">
			<Text>Исследований в ход</Text>
		</Row>

		<Row Tag="TXT_KEY_INFOADDICT_EMPIREATTR_CULTURE">
			<Text>Культуры в ход</Text>
		</Row>

		<Row Tag="TXT_KEY_INFOADDICT_EMPIREATTR_WONDERS">
			<Text>Чудес Света во владении</Text>
		</Row>

		<Row Tag="TXT_KEY_INFOADDICT_EMPIREATTR_TREASURY">
			<Text>Золота в сокровищнице (миллионов золотых монет)</Text>
		</Row>

		<Row Tag="TXT_KEY_INFOADDICT_EMPIREATTR_INCOME">
			<Text>Прибыль (миллионов золотых монет)</Text>
		</Row>

		<Row Tag="TXT_KEY_INFOADDICT_EMPIREATTR_FAITH">
			<Text>Вера</Text>
		</Row>

		<Row Tag="TXT_KEY_INFOADDICT_EMPIREATTR_FAITHPERTURN">
			<Text>Чистой веры в ход</Text>
		</Row>

		<Row Tag="TXT_KEY_INFOADDICT_EMPIREATTR_INFLUENCE">
			<Text>Civilizations Influenced</Text>
		</Row>

		<Row Tag="TXT_KEY_INFOADDICT_EMPIREATTR_GREATWORKS">
			<Text>Great Works in Possession</Text>
		</Row>

		<Row Tag="TXT_KEY_INFOADDICT_EMPIREATTR_TRADEROUTES">
			<Text>Internal Trade Routes established</Text>
		</Row>

		<Row Tag="TXT_KEY_INFOADDICT_EMPIREATTR_TOURISM">
			<Text>Tourism Output</Text>
		</Row>


		<!-- Relationship view titles -->
		<Row Tag="TXT_KEY_INFOADDICT_RELATIONVIEW_ECONOMIC">
			<Text>Экономика</Text>
		</Row>

		<Row Tag="TXT_KEY_INFOADDICT_RELATIONVIEW_POLITICAL">
			<Text>Политика</Text>
		</Row>

		<Row Tag="TXT_KEY_INFOADDICT_RELATIONVIEW_ATTITUDE">
			<Text>Отношения</Text>
		</Row>



		<!-- Relationship view key (bottom right) -->
		<Row Tag="TXT_KEY_INFOADDICT_RELATIONKEY_WAR">
			<Text>Война</Text>
		</Row>

		<Row Tag="TXT_KEY_INFOADDICT_RELATIONKEY_OPEN_BORDERS">
			<Text>Открытые границы</Text>
		</Row>

		<Row Tag="TXT_KEY_INFOADDICT_RELATIONKEY_DECLARATION_OF_FRIENDSHIP">
			<Text>Дружба</Text>
		</Row>

		<Row Tag="TXT_KEY_INFOADDICT_RELATIONKEY_DENOUNCEMENT">
			<Text>Осуждение</Text>
		</Row>

		<Row Tag="TXT_KEY_INFOADDICT_RELATIONKEY_DEFENSIVE_PACT">
			<Text>Оборонительный союз</Text>
		</Row>

		<Row Tag="TXT_KEY_INFOADDICT_RELATIONKEY_RESEARCH_AGREEMENT">
			<Text>Совместные исследования</Text>
		</Row>

		<Row Tag="TXT_KEY_INFOADDICT_RELATIONKEY_GPT">
			<Text>Золота в ход</Text>
		</Row>

		<Row Tag="TXT_KEY_INFOADDICT_RELATIONKEY_RESOURCE">
			<Text>Ресурсы</Text>
		</Row>

		<Row Tag="TXT_KEY_INFOADDICT_RELATIONKEY_TRADEROUTE">
			<Text>Trade Route</Text>
		</Row>

		<Row Tag="TXT_KEY_INFOADDICT_RELATIONKEY_HOSTILE">
			<Text>Неприязнь</Text>
		</Row>

		<Row Tag="TXT_KEY_INFOADDICT_RELATIONKEY_GUARDED">
			<Text>Покровительство</Text>
		</Row>

		<Row Tag="TXT_KEY_INFOADDICT_RELATIONKEY_AFRAID">
			<Text>Страх</Text>
		</Row>

		<Row Tag="TXT_KEY_INFOADDICT_RELATIONKEY_FRIENDLY">
			<Text>Дружба</Text>
		</Row>

		<Row Tag="TXT_KEY_INFOADDICT_RELATIONKEY_NEUTRAL">
			<Text>Нейтральные</Text>
		</Row>



		<!-- Tooltip text fragments for the relationship graphs -->
		<Row Tag="TXT_KEY_INFOADDICT_RELATIONTOOLTIP_GPT_TO">
			<Text>золота в ход для</Text>
		</Row>

		<Row Tag="TXT_KEY_INFOADDICT_RELATIONTOOLTIP_GPT_FROM">
			<Text>золота в ход от</Text>
		</Row>

		<Row Tag="TXT_KEY_INFOADDICT_RELATIONTOOLTIP_RESEARCH_WITH">
			<Text>Совместные исследования с</Text>
		</Row>

		<Row Tag="TXT_KEY_INFOADDICT_RELATIONTOOLTIP_TO">
			<Text>к</Text>
		</Row>

		<Row Tag="TXT_KEY_INFOADDICT_RELATIONTOOLTIP_FROM">
			<Text>от</Text>
		</Row>

		<Row Tag="TXT_KEY_INFOADDICT_RELATIONTOOLTIP_EXPORTS">
			<Text>Экспорт</Text>
		</Row>

		<Row Tag="TXT_KEY_INFOADDICT_RELATIONTOOLTIP_IMPORTS">
			<Text>Импорт</Text>
		</Row>

		<Row Tag="TXT_KEY_INFOADDICT_RELATIONTOOLTIP_TRADEROUTES">
			<Text>Trade Routes</Text>
		</Row>

		<Row Tag="TXT_KEY_INFOADDICT_RELATIONTOOLTIP_RESEARCH_AGREEMENTS">
			<Text>Совместные исследования</Text>
		</Row>

		<Row Tag="TXT_KEY_INFOADDICT_RELATIONTOOLTIP_HOSTILE">
			<Text>Неприязнь к</Text>
		</Row>

		<Row Tag="TXT_KEY_INFOADDICT_RELATIONTOOLTIP_GUARDED">
			<Text>Покровительствует</Text>
		</Row>

		<Row Tag="TXT_KEY_INFOADDICT_RELATIONTOOLTIP_AFRAID">
			<Text>Боится</Text>
		</Row>

		<Row Tag="TXT_KEY_INFOADDICT_RELATIONTOOLTIP_FRIENDLY">
			<Text>Дружит с</Text>
		</Row>

		<Row Tag="TXT_KEY_INFOADDICT_RELATIONTOOLTIP_NEUTRAL">
			<Text>Относится нейтрально к</Text>
		</Row>


		<!-- Text for the options screen -->
		<Row Tag="TXT_KEY_INFOADDICT_OPTIONS_HISTORICAL_FIELD_TOOLTIPS">
			<Text>Подсказки к историческому графику при наведении</Text>
		</Row>

		<Row Tag="TXT_KEY_INFOADDICT_OPTIONS_HISTORICAL_FIELD_TOOLTIPS_TT">
			<Text>Показывает подсказки при наведении на исторический график</Text>
		</Row>

		<Row Tag="TXT_KEY_INFOADDICT_OPTIONS_HISTORICAL_YAXIS">
			<Text>Положение подсказки по оси y</Text>
		</Row>

		<Row Tag="TXT_KEY_INFOADDICT_OPTIONS_HISTORICAL_YAXIS_TT">
			<Text>Displays a y-axis on the left side of the historical graphs.</Text>
		</Row>

		<Row Tag="TXT_KEY_INFOADDICT_OPTIONS_HISTORICAL_XAXIS_LABEL_COUNT">
			<Text>По оси x: {1_Num}</Text>
		</Row>

		<Row Tag="TXT_KEY_INFOADDICT_OPTIONS_HISTORICAL_XAXIS_LABEL_COUNT_TT">
			<Text>Number of X-Axis labels to show in the historical graphs.</Text>
		</Row>

		<Row Tag="TXT_KEY_INFOADDICT_OPTIONS_HISTORICAL_YAXIS_LABEL_COUNT">
			<Text>По оси y: {1_Num}</Text>
		</Row>

		<Row Tag="TXT_KEY_INFOADDICT_OPTIONS_HISTORICAL_YAXIS_LABEL_COUNT_TT">
			<Text>Number of Y-Axis labels to show in the historical graphs.</Text>
		</Row>

		<Row Tag="TXT_KEY_INFOADDICT_OPTIONS_HISTORICAL_LINEOFFSET">
			<Text>Historical Graph Line Offset</Text>
		</Row>

		<Row Tag="TXT_KEY_INFOADDICT_OPTIONS_HISTORICAL_LINEOFFSET_TT">
			<Text>Adds a small offset to each line in the historical graphs to make each line visible when values between two civs are the same.</Text>
		</Row>

		<Row Tag="TXT_KEY_INFOADDICT_OPTIONS_HISTORICAL_SMOOTHLINES">
			<Text>Historical Graph Smooth Lines</Text>
		</Row>

		<Row Tag="TXT_KEY_INFOADDICT_OPTIONS_HISTORICAL_SMOOTHLINES_TT">
			<Text>Smooths the lines in the historical graphs instead of building the lines with veritcal and horizontal segments.</Text>
		</Row>

	</Language_ru_RU>
</GameData>