<?xml version="1.0" encoding="utf-8"?>
<!-- Created by ModBuddy on 11/17/2014 8:18:58 PM -->
<GameData>
	<Language_ZH_Hant_HK>
		<Row Tag="TXT_KEY_CIV_GERMANY_ADJECTIVE_WORD">
			<Text>德意志</Text>
		</Row>
		<Row Tag="TXT_KEY_CIV_RUSSIA_ADJECTIVE_WORD">
			<Text>俄羅斯</Text>
		</Row>
		<Row Tag="TXT_KEY_CIV_FRANCE_ADJECTIVE_WORD">
			<Text>法蘭西</Text>
		</Row>
		<Row Tag="TXT_KEY_CIV_AMERICA_ADJECTIVE_WORD">
			<Text>美利堅</Text>
		</Row>
		<Row Tag="TXT_KEY_CIV_ENGLAND_ADJECTIVE_WORD">
			<Text>英格蘭</Text>
		</Row>
		<Row Tag="TXT_KEY_CIV_CHINA_ADJECTIVE_WORD">
			<Text>中華</Text>
		</Row>
	</Language_ZH_Hant_HK>
</GameData>