<?xml version="1.0" encoding="utf-8"?>
<!-- Created by ModBuddy on 10/22/2014 2:40:51 PM -->
<GameData>
	<Language_ZH_Hant_HK>
		<Row Tag="TXT_KEY_GENERIC_AMERICA_INFLUENTIAL_ON_AI_1">
			<Text>現在，我們的人民買你的牛仔褲，聽你的流行音樂。我擔心世界其他地方，也會屈服於你文化的影響力。</Text>
		</Row>
		<Row Tag="TXT_KEY_GENERIC_ARABIA_INFLUENTIAL_ON_AI_1">
			<Text>現在，我們的人民買你的牛仔褲，聽你的流行音樂。我擔心世界其他地方，也會屈服於你文化的影響力。</Text>
		</Row>
		<Row Tag="TXT_KEY_GENERIC_AZTEC_INFLUENTIAL_ON_AI_1">
			<Text>現在，我們的人民買你的牛仔褲，聽你的流行音樂。我擔心世界其他地方，也會屈服於你文化的影響力。</Text>
		</Row>
		<Row Tag="TXT_KEY_GENERIC_CHINA_INFLUENTIAL_ON_AI_1">
			<Text>現在，我們的人民買你的牛仔褲，聽你的流行音樂。我擔心世界其他地方，也會屈服於你文化的影響力。</Text>
		</Row>
		<Row Tag="TXT_KEY_GENERIC_EGYPT_INFLUENTIAL_ON_AI_1">
			<Text>現在，我們的人民買你的牛仔褲，聽你的流行音樂。我擔心世界其他地方，也會屈服於你文化的影響力。</Text>
		</Row>
		<Row Tag="TXT_KEY_GENERIC_ENGLAND_INFLUENTIAL_ON_AI_1">
			<Text>現在，我們的人民買你的牛仔褲，聽你的流行音樂。我擔心世界其他地方，也會屈服於你文化的影響力。</Text>
		</Row>
		<Row Tag="TXT_KEY_GENERIC_FRANCE_INFLUENTIAL_ON_AI_1">
			<Text>現在，我們的人民買你的牛仔褲，聽你的流行音樂。我擔心世界其他地方，也會屈服於你文化的影響力。</Text>
		</Row>
		<Row Tag="TXT_KEY_GENERIC_GERMANY_INFLUENTIAL_ON_AI_1">
			<Text>現在，我們的人民買你的牛仔褲，聽你的流行音樂。我擔心世界其他地方，也會屈服於你文化的影響力。</Text>
		</Row>
		<Row Tag="TXT_KEY_GENERIC_GREECE_INFLUENTIAL_ON_AI_1">
			<Text>現在，我們的人民買你的牛仔褲，聽你的流行音樂。我擔心世界其他地方，也會屈服於你文化的影響力。</Text>
		</Row>
		<Row Tag="TXT_KEY_GENERIC_INDIA_INFLUENTIAL_ON_AI_1">
			<Text>現在，我們的人民買你的牛仔褲，聽你的流行音樂。我擔心世界其他地方，也會屈服於你文化的影響力。</Text>
		</Row>
		<Row Tag="TXT_KEY_GENERIC_IROQUOIS_INFLUENTIAL_ON_AI_1">
			<Text>現在，我們的人民買你的牛仔褲，聽你的流行音樂。我擔心世界其他地方，也會屈服於你文化的影響力。</Text>
		</Row>
		<Row Tag="TXT_KEY_GENERIC_JAPAN_INFLUENTIAL_ON_AI_1">
			<Text>現在，我們的人民買你的牛仔褲，聽你的流行音樂。我擔心世界其他地方，也會屈服於你文化的影響力。</Text>
		</Row>
		<Row Tag="TXT_KEY_GENERIC_OTTOMAN_INFLUENTIAL_ON_AI_1">
			<Text>現在，我們的人民買你的牛仔褲，聽你的流行音樂。我擔心世界其他地方，也會屈服於你文化的影響力。</Text>
		</Row>
		<Row Tag="TXT_KEY_GENERIC_PERSIA_INFLUENTIAL_ON_AI_1">
			<Text>現在，我們的人民買你的牛仔褲，聽你的流行音樂。我擔心世界其他地方，也會屈服於你文化的影響力。</Text>
		</Row>
		<Row Tag="TXT_KEY_GENERIC_ROME_INFLUENTIAL_ON_AI_1">
			<Text>現在，我們的人民買你的牛仔褲，聽你的流行音樂。我擔心世界其他地方，也會屈服於你文化的影響力。</Text>
		</Row>
		<Row Tag="TXT_KEY_GENERIC_RUSSIA_INFLUENTIAL_ON_AI_1">
			<Text>現在，我們的人民買你的牛仔褲，聽你的流行音樂。我擔心世界其他地方，也會屈服於你文化的影響力。</Text>
		</Row>
		<Row Tag="TXT_KEY_GENERIC_SIAM_INFLUENTIAL_ON_AI_1">
			<Text>現在，我們的人民買你的牛仔褲，聽你的流行音樂。我擔心世界其他地方，也會屈服於你文化的影響力。</Text>
		</Row>
		<Row Tag="TXT_KEY_GENERIC_SONGHAI_INFLUENTIAL_ON_AI_1">
			<Text>現在，我們的人民買你的牛仔褲，聽你的流行音樂。我擔心世界其他地方，也會屈服於你文化的影響力。</Text>
		</Row>
		<Row Tag="TXT_KEY_GENERIC_BABYLON_INFLUENTIAL_ON_AI_1">
			<Text>現在，我們的人民買你的牛仔褲，聽你的流行音樂。我擔心世界其他地方，也會屈服於你文化的影響力。</Text>
		</Row>
		<Row Tag="TXT_KEY_GENERIC_MONGOL_INFLUENTIAL_ON_AI_1">
			<Text>現在，我們的人民買你的牛仔褲，聽你的流行音樂。我擔心世界其他地方，也會屈服於你文化的影響力。</Text>
		</Row>
		<Row Tag="TXT_KEY_GENERIC_INCA_INFLUENTIAL_ON_AI_1">
			<Text>現在，我們的人民買你的牛仔褲，聽你的流行音樂。我擔心世界其他地方，也會屈服於你文化的影響力。</Text>
		</Row>
		<Row Tag="TXT_KEY_GENERIC_SPAIN_INFLUENTIAL_ON_AI_1">
			<Text>現在，我們的人民買你的牛仔褲，聽你的流行音樂。我擔心世界其他地方，也會屈服於你文化的影響力。</Text>
		</Row>
		<Row Tag="TXT_KEY_GENERIC_POLYNESIA_INFLUENTIAL_ON_AI_1">
			<Text>現在，我們的人民買你的牛仔褲，聽你的流行音樂。我擔心世界其他地方，也會屈服於你文化的影響力。</Text>
		</Row>
		<Row Tag="TXT_KEY_GENERIC_DENMARK_INFLUENTIAL_ON_AI_1">
			<Text>現在，我們的人民買你的牛仔褲，聽你的流行音樂。我擔心世界其他地方，也會屈服於你文化的影響力。</Text>
		</Row>
		<Row Tag="TXT_KEY_GENERIC_KOREA_INFLUENTIAL_ON_AI_1">
			<Text>現在，我們的人民買你的牛仔褲，聽你的流行音樂。我擔心世界其他地方，也會屈服於你文化的影響力。</Text>
		</Row>
		<Row Tag="TXT_KEY_GENERIC_AUSTRIA_INFLUENTIAL_ON_AI_1">
			<Text>現在，我們的人民買你的牛仔褲，聽你的流行音樂。我擔心世界其他地方，也會屈服於你文化的影響力。</Text>
		</Row>
		<Row Tag="TXT_KEY_GENERIC_BYZANTIUM_INFLUENTIAL_ON_AI_1">
			<Text>現在，我們的人民買你的牛仔褲，聽你的流行音樂。我擔心世界其他地方，也會屈服於你文化的影響力。</Text>
		</Row>
		<Row Tag="TXT_KEY_GENERIC_CARTHAGE_INFLUENTIAL_ON_AI_1">
			<Text>現在，我們的人民買你的牛仔褲，聽你的流行音樂。我擔心世界其他地方，也會屈服於你文化的影響力。</Text>
		</Row>
		<Row Tag="TXT_KEY_GENERIC_CELTS_INFLUENTIAL_ON_AI_1">
			<Text>現在，我們的人民買你的牛仔褲，聽你的流行音樂。我擔心世界其他地方，也會屈服於你文化的影響力。</Text>
		</Row>
		<Row Tag="TXT_KEY_GENERIC_ETHIOPIA_INFLUENTIAL_ON_AI_1">
			<Text>現在，我們的人民買你的牛仔褲，聽你的流行音樂。我擔心世界其他地方，也會屈服於你文化的影響力。</Text>
		</Row>
		<Row Tag="TXT_KEY_GENERIC_HUNS_INFLUENTIAL_ON_AI_1">
			<Text>現在，我們的人民買你的牛仔褲，聽你的流行音樂。我擔心世界其他地方，也會屈服於你文化的影響力。</Text>
		</Row>
		<Row Tag="TXT_KEY_GENERIC_MAYA_INFLUENTIAL_ON_AI_1">
			<Text>現在，我們的人民買你的牛仔褲，聽你的流行音樂。我擔心世界其他地方，也會屈服於你文化的影響力。</Text>
		</Row>
		<Row Tag="TXT_KEY_GENERIC_NETHERLANDS_INFLUENTIAL_ON_AI_1">
			<Text>現在，我們的人民買你的牛仔褲，聽你的流行音樂。我擔心世界其他地方，也會屈服於你文化的影響力。</Text>
		</Row>
		<Row Tag="TXT_KEY_GENERIC_SWEDEN_INFLUENTIAL_ON_AI_1">
			<Text>現在，我們的人民買你的牛仔褲，聽你的流行音樂。我擔心世界其他地方，也會屈服於你文化的影響力。</Text>
		</Row>
		<Row Tag="TXT_KEY_GENERIC_ASSYRIA_INFLUENTIAL_ON_AI_1">
			<Text>現在，我們的人民買你的牛仔褲，聽你的流行音樂。我擔心世界其他地方，也會屈服於你文化的影響力。</Text>
		</Row>
		<Row Tag="TXT_KEY_GENERIC_BRAZIL_INFLUENTIAL_ON_AI_1">
			<Text>現在，我們的人民買你的牛仔褲，聽你的流行音樂。我擔心世界其他地方，也會屈服於你文化的影響力。</Text>
		</Row>
		<Row Tag="TXT_KEY_GENERIC_INDONESIA_INFLUENTIAL_ON_AI_1">
			<Text>現在，我們的人民買你的牛仔褲，聽你的流行音樂。我擔心世界其他地方，也會屈服於你文化的影響力。</Text>
		</Row>
		<Row Tag="TXT_KEY_GENERIC_MOROCCO_INFLUENTIAL_ON_AI_1">
			<Text>現在，我們的人民買你的牛仔褲，聽你的流行音樂。我擔心世界其他地方，也會屈服於你文化的影響力。</Text>
		</Row>
		<Row Tag="TXT_KEY_GENERIC_POLAND_INFLUENTIAL_ON_AI_1">
			<Text>現在，我們的人民買你的牛仔褲，聽你的流行音樂。我擔心世界其他地方，也會屈服於你文化的影響力。</Text>
		</Row>
		<Row Tag="TXT_KEY_GENERIC_PORTUGAL_INFLUENTIAL_ON_AI_1">
			<Text>現在，我們的人民買你的牛仔褲，聽你的流行音樂。我擔心世界其他地方，也會屈服於你文化的影響力。</Text>
		</Row>
		<Row Tag="TXT_KEY_GENERIC_SHOSHONE_INFLUENTIAL_ON_AI_1">
			<Text>現在，我們的人民買你的牛仔褲，聽你的流行音樂。我擔心世界其他地方，也會屈服於你文化的影響力。</Text>
		</Row>
		<Row Tag="TXT_KEY_GENERIC_VENICE_INFLUENTIAL_ON_AI_1">
			<Text>現在，我們的人民買你的牛仔褲，聽你的流行音樂。我擔心世界其他地方，也會屈服於你文化的影響力。</Text>
		</Row>
		<Row Tag="TXT_KEY_GENERIC_ZULU_INFLUENTIAL_ON_AI_1">
			<Text>現在，我們的人民買你的牛仔褲，聽你的流行音樂。我擔心世界其他地方，也會屈服於你文化的影響力。</Text>
		</Row>
	</Language_ZH_Hant_HK>
</GameData>