<?xml version="1.0" encoding="utf-8"?>
<!-- Created by ModBuddy on 10/22/2014 2:40:10 PM -->
<GameData>
	<Language_RU_RU>
		<Row Tag="TXT_KEY_GENERIC_AMERICA_INFLUENTIAL_ON_AI_1">
			<Text>Теперь наш народ покупает ваши синие джинсы и слушает вашу поп-музыку. Я боюсь, что и весь остальной мир поддастся влиянию вашей культуры.</Text>
		</Row>
		<Row Tag="TXT_KEY_GENERIC_ARABIA_INFLUENTIAL_ON_AI_1">
			<Text>Теперь наш народ покупает ваши куфии и рисует арабески. Я боюсь, что и весь остальной мир поддастся влиянию вашей культуры.</Text>
		</Row>
		<Row Tag="TXT_KEY_GENERIC_AZTEC_INFLUENTIAL_ON_AI_1">
			<Text>Теперь наш народ покупает ваш чоколатль и ест ваши тако. Я боюсь, что и весь остальной мир поддастся влиянию вашей культуры.</Text>
		</Row>
		<Row Tag="TXT_KEY_GENERIC_CHINA_INFLUENTIAL_ON_AI_1">
			<Text>Теперь наш народ покупает ваш фарфор и смотрит ваши фильмы уся. Я боюсь, что и весь остальной мир поддастся влиянию вашей культуры.</Text>
		</Row>
		<Row Tag="TXT_KEY_GENERIC_EGYPT_INFLUENTIAL_ON_AI_1">
			<Text>Теперь наш народ покупает ваш папирус и носит ваш макияж. Я боюсь, что и весь остальной мир поддастся влиянию вашей культуры.</Text>
		</Row>
		<Row Tag="TXT_KEY_GENERIC_ENGLAND_INFLUENTIAL_ON_AI_1">
			<Text>Теперь наш народ пьет ваш чай и слушает ваш Брит-поп. Я боюсь, что и весь остальной мир поддастся влиянию вашей культуры.</Text>
		</Row>
		<Row Tag="TXT_KEY_GENERIC_FRANCE_INFLUENTIAL_ON_AI_1">
			<Text>Теперь наш народ ест ваш сыр и использует ваши духи. Я боюсь, что и весь остальной мир поддастся влиянию вашей культуры.</Text>
		</Row>
		<Row Tag="TXT_KEY_GENERIC_GERMANY_INFLUENTIAL_ON_AI_1">
			<Text>Теперь наш народ покупает ваши машины и пьет ваше пиво. Я боюсь, что и весь остальной мир поддастся влиянию вашей культуры.</Text>
		</Row>
		<Row Tag="TXT_KEY_GENERIC_GREECE_INFLUENTIAL_ON_AI_1">
			<Text>Теперь наш народ танцует Сиртаки и смотрит ваши трагедии. Я боюсь, что и весь остальной мир поддастся влиянию вашей культуры.</Text>
		</Row>
		<Row Tag="TXT_KEY_GENERIC_INDIA_INFLUENTIAL_ON_AI_1">
			<Text>Теперь наш народ занимается Йогой и смотрит Болливудские фильмы. Я боюсь, что и весь остальной мир поддастся влиянию вашей культуры.</Text>
		</Row>
		<Row Tag="TXT_KEY_GENERIC_IROQUOIS_INFLUENTIAL_ON_AI_1">
			<Text>Теперь наш народ играет в Лакросс и курит ваш табак. Я боюсь, что и весь остальной мир поддастся влиянию вашей культуры.</Text>
		</Row>
		<Row Tag="TXT_KEY_GENERIC_JAPAN_INFLUENTIAL_ON_AI_1">
			<Text>Теперь наш народ покупает ваши кимоно и смотрит ваше аниме. Я боюсь, что и весь остальной мир поддастся влиянию вашей культуры.</Text>
		</Row>
		<Row Tag="TXT_KEY_GENERIC_OTTOMAN_INFLUENTIAL_ON_AI_1">
			<Text>Теперь наш народ покупает ваши фески и ест вашу шаурму. Я боюсь, что и весь остальной мир поддастся влиянию вашей культуры.</Text>
		</Row>
		<Row Tag="TXT_KEY_GENERIC_PERSIA_INFLUENTIAL_ON_AI_1">
			<Text>Теперь наш народ ест ваш плов и покупает ваши ковры. Я боюсь, что и весь остальной мир поддастся влиянию вашей культуры.</Text>
		</Row>
		<Row Tag="TXT_KEY_GENERIC_ROME_INFLUENTIAL_ON_AI_1">
			<Text>Теперь наш народ покупает ваши тоги и смотрит ваши гладиаторские бои. Я боюсь, что и весь остальной мир поддастся влиянию вашей культуры.</Text>
		</Row>
		<Row Tag="TXT_KEY_GENERIC_RUSSIA_INFLUENTIAL_ON_AI_1">
			<Text>Теперь наш народ покупает ваши матрешки и пьет вашу водку. Я боюсь, что и весь остальной мир поддастся влиянию вашей культуры.</Text>
		</Row>
		<Row Tag="TXT_KEY_GENERIC_SIAM_INFLUENTIAL_ON_AI_1">
			<Text>Теперь наш народ покупает ваши панунги и занимается Муай Тай. Я боюсь, что и весь остальной мир поддастся влиянию вашей культуры.</Text>
		</Row>
		<Row Tag="TXT_KEY_GENERIC_SONGHAI_INFLUENTIAL_ON_AI_1">
			<Text>Теперь наш народ покупает ваши футболки из боголана и играет на ваших Корах. Я боюсь, что и весь остальной мир поддастся влиянию вашей культуры.</Text>
		</Row>
		<Row Tag="TXT_KEY_GENERIC_BABYLON_INFLUENTIAL_ON_AI_1">
			<Text>Теперь наш народ одержим вашей астрологией, и верит, что звезды решают его судьбу. Я боюсь, что и весь остальной мир поддастся влиянию вашей культуры.</Text>
		</Row>
		<Row Tag="TXT_KEY_GENERIC_MONGOL_INFLUENTIAL_ON_AI_1">
			<Text>Теперь наш народ играет на Моринхурах и поет горловым пением. Я боюсь, что и весь остальной мир поддастся влиянию вашей культуры.</Text>
		</Row>
		<Row Tag="TXT_KEY_GENERIC_INCA_INFLUENTIAL_ON_AI_1">
			<Text>Теперь наш народ покупает вашу одежду из шерсти альпаки и жует листья коки. Я боюсь, что и весь остальной мир поддастся влиянию вашей культуры.</Text>
		</Row>
		<Row Tag="TXT_KEY_GENERIC_SPAIN_INFLUENTIAL_ON_AI_1">
			<Text>Теперь наш народ танцует фламенко и смотрит корриду. Я боюсь, что и весь остальной мир поддастся влиянию вашей культуры.</Text>
		</Row>
		<Row Tag="TXT_KEY_GENERIC_POLYNESIA_INFLUENTIAL_ON_AI_1">
			<Text>Теперь наш народ покупает ваши футболки и танцует хула. Я боюсь, что и весь остальной мир поддастся влиянию вашей культуры.</Text>
		</Row>
		<Row Tag="TXT_KEY_GENERIC_DENMARK_INFLUENTIAL_ON_AI_1">
			<Text>Теперь наши дети растут на ваших сказках и играют с вашими пластмассовыми кирпичиками. Я боюсь, что и весь остальной мир поддастся влиянию вашей культуры.</Text>
		</Row>
		<Row Tag="TXT_KEY_GENERIC_KOREA_INFLUENTIAL_ON_AI_1">
			<Text>Теперь наш народ покупает вашу электронику и играет в ваши MMORPG. Я боюсь, что и весь остальной мир поддастся влиянию вашей культуры.</Text>
		</Row>
		<Row Tag="TXT_KEY_GENERIC_AUSTRIA_INFLUENTIAL_ON_AI_1">
			<Text>Теперь наш народ покупает ваш Венский шницель и пьет ваши энергетики. Я боюсь, что и весь остальной мир поддастся влиянию вашей культуры.</Text>
		</Row>
		<Row Tag="TXT_KEY_GENERIC_BYZANTIUM_INFLUENTIAL_ON_AI_1">
			<Text>Теперь наш народ днями играет в нарды и делает мозаики. Я боюсь, что и весь остальной мир поддастся влиянию вашей культуры.</Text>
		</Row>
		<Row Tag="TXT_KEY_GENERIC_CARTHAGE_INFLUENTIAL_ON_AI_1">
			<Text>Теперь ваш пурпур заменяет нам черный жемчуг. Я боюсь, что и весь остальной мир поддастся влиянию вашей культуры.</Text>
		</Row>
		<Row Tag="TXT_KEY_GENERIC_CELTS_INFLUENTIAL_ON_AI_1">
			<Text>Теперь наш народ покупает ваши килты и пьет ваш стаут. Я боюсь, что и весь остальной мир поддастся влиянию вашей культуры.</Text>
		</Row>
		<Row Tag="TXT_KEY_GENERIC_ETHIOPIA_INFLUENTIAL_ON_AI_1">
			<Text>Теперь наш народ пьет ваш кофе и носит дреды. Я боюсь, что и весь остальной мир поддастся влиянию вашей культуры.</Text>
		</Row>
		<Row Tag="TXT_KEY_GENERIC_HUNS_INFLUENTIAL_ON_AI_1">
			<Text>Теперь наш народ перенимает ваш варварский, кочевой образ жизни. Я боюсь, что и весь остальной мир поддастся влиянию вашей культуры.</Text>
		</Row>
		<Row Tag="TXT_KEY_GENERIC_MAYA_INFLUENTIAL_ON_AI_1">
			<Text>Теперь наш народ использует ваш календарь и предсказывает катастрофы в ближайшем будущем. Я боюсь, что и весь остальной мир поддастся влиянию вашей культуры.</Text>
		</Row>
		<Row Tag="TXT_KEY_GENERIC_NETHERLANDS_INFLUENTIAL_ON_AI_1">
			<Text>Теперь наш народ покупает ваши тюльпаны и деревянные башмаки. Я боюсь, что и весь остальной мир поддастся влиянию вашей культуры.</Text>
		</Row>
		<Row Tag="TXT_KEY_GENERIC_SWEDEN_INFLUENTIAL_ON_AI_1">
			<Text>Теперь наш народ покупает вашу мебель и слушает ваш Дэт-метал. Я боюсь, что и весь остальной мир поддастся влиянию вашей культуры.</Text>
		</Row>
		<Row Tag="TXT_KEY_GENERIC_ASSYRIA_INFLUENTIAL_ON_AI_1">
			<Text>Теперь наш народ пьет ваш Арак и танцует Хиггу. Я боюсь, что и весь остальной мир поддастся влиянию вашей культуры.</Text>
		</Row>
		<Row Tag="TXT_KEY_GENERIC_BRAZIL_INFLUENTIAL_ON_AI_1">
			<Text>Теперь наш народ пьет вашу Кайпиринью и слушает вашу Босанову. Я боюсь, что и весь остальной мир поддастся влиянию вашей культуры.</Text>
		</Row>
		<Row Tag="TXT_KEY_GENERIC_INDONESIA_INFLUENTIAL_ON_AI_1">
			<Text>Теперь наш народ покупает вашу одежду, расписанную в технике батик, и слушает музыку на гамелане. Я боюсь, что и весь остальной мир поддастся влиянию вашей культуры.</Text>
		</Row>
		<Row Tag="TXT_KEY_GENERIC_MOROCCO_INFLUENTIAL_ON_AI_1">
			<Text>Теперь наш народ ест ваш кускус и смотрит на ваших танцовщиц живота. Я боюсь, что и весь остальной мир поддастся влиянию вашей культуры.</Text>
		</Row>
		<Row Tag="TXT_KEY_GENERIC_POLAND_INFLUENTIAL_ON_AI_1">
			<Text>Теперь наш народ ест ваши вареники и танцует Мазурку. Я боюсь, что и весь остальной мир поддастся влиянию вашей культуры.</Text>
		</Row>
		<Row Tag="TXT_KEY_GENERIC_PORTUGAL_INFLUENTIAL_ON_AI_1">
			<Text>Теперь наш народ покупает ваши азулежу и слушает ваш Фаду. Я боюсь, что и весь остальной мир поддастся влиянию вашей культуры.</Text>
		</Row>
		<Row Tag="TXT_KEY_GENERIC_SHOSHONE_INFLUENTIAL_ON_AI_1">
			<Text>Теперь наш народ покупает ваши оперенные головные уборы, и потребляют ваши пейоты. Я боюсь, что и весь остальной мир поддастся влиянию вашей культуры.</Text>
		</Row>
		<Row Tag="TXT_KEY_GENERIC_VENICE_INFLUENTIAL_ON_AI_1">
			<Text>Теперь наш народ покупает ваши стеклянные брелоки и маски. Я боюсь, что и весь остальной мир поддастся влиянию вашей культуры.</Text>
		</Row>
		<Row Tag="TXT_KEY_GENERIC_ZULU_INFLUENTIAL_ON_AI_1">
			<Text>Теперь наш народ покупает ваши вувузеллы и церемониальные щиты. Я боюсь, что и весь остальной мир поддастся влиянию вашей культуры.</Text>
		</Row>
	</Language_RU_RU>
</GameData>