<?xml version="1.0" encoding="utf-8"?>
<!-- Created by ModBuddy on 10/22/2014 2:38:57 PM -->
<GameData>
	<Language_KO_KR>
		<Row Tag="TXT_KEY_GENERIC_AMERICA_INFLUENTIAL_ON_AI_1">
			<Text>우리 국민이 당신네 청바지를 사입고 당신네 대중음악을 즐기고 있습니다. 당신의 문화가 전 세계를 잠식하게 될까 걱정입니다.</Text>
		</Row>
		<Row Tag="TXT_KEY_GENERIC_ARABIA_INFLUENTIAL_ON_AI_1">
			<Text>우리 국민이 당신네 청바지를 사입고 당신네 대중음악을 즐기고 있습니다. 당신의 문화가 전 세계를 잠식하게 될까 걱정입니다.</Text>
		</Row>
		<Row Tag="TXT_KEY_GENERIC_AZTEC_INFLUENTIAL_ON_AI_1">
			<Text>우리 국민이 당신네 청바지를 사입고 당신네 대중음악을 즐기고 있습니다. 당신의 문화가 전 세계를 잠식하게 될까 걱정입니다.</Text>
		</Row>
		<Row Tag="TXT_KEY_GENERIC_CHINA_INFLUENTIAL_ON_AI_1">
			<Text>우리 국민이 당신네 청바지를 사입고 당신네 대중음악을 즐기고 있습니다. 당신의 문화가 전 세계를 잠식하게 될까 걱정입니다.</Text>
		</Row>
		<Row Tag="TXT_KEY_GENERIC_EGYPT_INFLUENTIAL_ON_AI_1">
			<Text>우리 국민이 당신네 청바지를 사입고 당신네 대중음악을 즐기고 있습니다. 당신의 문화가 전 세계를 잠식하게 될까 걱정입니다.</Text>
		</Row>
		<Row Tag="TXT_KEY_GENERIC_ENGLAND_INFLUENTIAL_ON_AI_1">
			<Text>우리 국민이 당신네 청바지를 사입고 당신네 대중음악을 즐기고 있습니다. 당신의 문화가 전 세계를 잠식하게 될까 걱정입니다.</Text>
		</Row>
		<Row Tag="TXT_KEY_GENERIC_FRANCE_INFLUENTIAL_ON_AI_1">
			<Text>우리 국민이 당신네 청바지를 사입고 당신네 대중음악을 즐기고 있습니다. 당신의 문화가 전 세계를 잠식하게 될까 걱정입니다.</Text>
		</Row>
		<Row Tag="TXT_KEY_GENERIC_GERMANY_INFLUENTIAL_ON_AI_1">
			<Text>우리 국민이 당신네 청바지를 사입고 당신네 대중음악을 즐기고 있습니다. 당신의 문화가 전 세계를 잠식하게 될까 걱정입니다.</Text>
		</Row>
		<Row Tag="TXT_KEY_GENERIC_GREECE_INFLUENTIAL_ON_AI_1">
			<Text>우리 국민이 당신네 청바지를 사입고 당신네 대중음악을 즐기고 있습니다. 당신의 문화가 전 세계를 잠식하게 될까 걱정입니다.</Text>
		</Row>
		<Row Tag="TXT_KEY_GENERIC_INDIA_INFLUENTIAL_ON_AI_1">
			<Text>우리 국민이 당신네 청바지를 사입고 당신네 대중음악을 즐기고 있습니다. 당신의 문화가 전 세계를 잠식하게 될까 걱정입니다.</Text>
		</Row>
		<Row Tag="TXT_KEY_GENERIC_IROQUOIS_INFLUENTIAL_ON_AI_1">
			<Text>우리 국민이 당신네 청바지를 사입고 당신네 대중음악을 즐기고 있습니다. 당신의 문화가 전 세계를 잠식하게 될까 걱정입니다.</Text>
		</Row>
		<Row Tag="TXT_KEY_GENERIC_JAPAN_INFLUENTIAL_ON_AI_1">
			<Text>우리 국민이 당신네 청바지를 사입고 당신네 대중음악을 즐기고 있습니다. 당신의 문화가 전 세계를 잠식하게 될까 걱정입니다.</Text>
		</Row>
		<Row Tag="TXT_KEY_GENERIC_OTTOMAN_INFLUENTIAL_ON_AI_1">
			<Text>우리 국민이 당신네 청바지를 사입고 당신네 대중음악을 즐기고 있습니다. 당신의 문화가 전 세계를 잠식하게 될까 걱정입니다.</Text>
		</Row>
		<Row Tag="TXT_KEY_GENERIC_PERSIA_INFLUENTIAL_ON_AI_1">
			<Text>우리 국민이 당신네 청바지를 사입고 당신네 대중음악을 즐기고 있습니다. 당신의 문화가 전 세계를 잠식하게 될까 걱정입니다.</Text>
		</Row>
		<Row Tag="TXT_KEY_GENERIC_ROME_INFLUENTIAL_ON_AI_1">
			<Text>우리 국민이 당신네 청바지를 사입고 당신네 대중음악을 즐기고 있습니다. 당신의 문화가 전 세계를 잠식하게 될까 걱정입니다.</Text>
		</Row>
		<Row Tag="TXT_KEY_GENERIC_RUSSIA_INFLUENTIAL_ON_AI_1">
			<Text>우리 국민이 당신네 청바지를 사입고 당신네 대중음악을 즐기고 있습니다. 당신의 문화가 전 세계를 잠식하게 될까 걱정입니다.</Text>
		</Row>
		<Row Tag="TXT_KEY_GENERIC_SIAM_INFLUENTIAL_ON_AI_1">
			<Text>우리 국민이 당신네 청바지를 사입고 당신네 대중음악을 즐기고 있습니다. 당신의 문화가 전 세계를 잠식하게 될까 걱정입니다.</Text>
		</Row>
		<Row Tag="TXT_KEY_GENERIC_SONGHAI_INFLUENTIAL_ON_AI_1">
			<Text>우리 국민이 당신네 청바지를 사입고 당신네 대중음악을 즐기고 있습니다. 당신의 문화가 전 세계를 잠식하게 될까 걱정입니다.</Text>
		</Row>
		<Row Tag="TXT_KEY_GENERIC_BABYLON_INFLUENTIAL_ON_AI_1">
			<Text>우리 국민이 당신네 청바지를 사입고 당신네 대중음악을 즐기고 있습니다. 당신의 문화가 전 세계를 잠식하게 될까 걱정입니다.</Text>
		</Row>
		<Row Tag="TXT_KEY_GENERIC_MONGOL_INFLUENTIAL_ON_AI_1">
			<Text>우리 국민이 당신네 청바지를 사입고 당신네 대중음악을 즐기고 있습니다. 당신의 문화가 전 세계를 잠식하게 될까 걱정입니다.</Text>
		</Row>
		<Row Tag="TXT_KEY_GENERIC_INCA_INFLUENTIAL_ON_AI_1">
			<Text>우리 국민이 당신네 청바지를 사입고 당신네 대중음악을 즐기고 있습니다. 당신의 문화가 전 세계를 잠식하게 될까 걱정입니다.</Text>
		</Row>
		<Row Tag="TXT_KEY_GENERIC_SPAIN_INFLUENTIAL_ON_AI_1">
			<Text>우리 국민이 당신네 청바지를 사입고 당신네 대중음악을 즐기고 있습니다. 당신의 문화가 전 세계를 잠식하게 될까 걱정입니다.</Text>
		</Row>
		<Row Tag="TXT_KEY_GENERIC_POLYNESIA_INFLUENTIAL_ON_AI_1">
			<Text>우리 국민이 당신네 청바지를 사입고 당신네 대중음악을 즐기고 있습니다. 당신의 문화가 전 세계를 잠식하게 될까 걱정입니다.</Text>
		</Row>
		<Row Tag="TXT_KEY_GENERIC_DENMARK_INFLUENTIAL_ON_AI_1">
			<Text>우리 국민이 당신네 청바지를 사입고 당신네 대중음악을 즐기고 있습니다. 당신의 문화가 전 세계를 잠식하게 될까 걱정입니다.</Text>
		</Row>
		<Row Tag="TXT_KEY_GENERIC_KOREA_INFLUENTIAL_ON_AI_1">
			<Text>우리 국민이 당신네 청바지를 사입고 당신네 대중음악을 즐기고 있습니다. 당신의 문화가 전 세계를 잠식하게 될까 걱정입니다.</Text>
		</Row>
		<Row Tag="TXT_KEY_GENERIC_AUSTRIA_INFLUENTIAL_ON_AI_1">
			<Text>우리 국민이 당신네 청바지를 사입고 당신네 대중음악을 즐기고 있습니다. 당신의 문화가 전 세계를 잠식하게 될까 걱정입니다.</Text>
		</Row>
		<Row Tag="TXT_KEY_GENERIC_BYZANTIUM_INFLUENTIAL_ON_AI_1">
			<Text>우리 국민이 당신네 청바지를 사입고 당신네 대중음악을 즐기고 있습니다. 당신의 문화가 전 세계를 잠식하게 될까 걱정입니다.</Text>
		</Row>
		<Row Tag="TXT_KEY_GENERIC_CARTHAGE_INFLUENTIAL_ON_AI_1">
			<Text>우리 국민이 당신네 청바지를 사입고 당신네 대중음악을 즐기고 있습니다. 당신의 문화가 전 세계를 잠식하게 될까 걱정입니다.</Text>
		</Row>
		<Row Tag="TXT_KEY_GENERIC_CELTS_INFLUENTIAL_ON_AI_1">
			<Text>우리 국민이 당신네 청바지를 사입고 당신네 대중음악을 즐기고 있습니다. 당신의 문화가 전 세계를 잠식하게 될까 걱정입니다.</Text>
		</Row>
		<Row Tag="TXT_KEY_GENERIC_ETHIOPIA_INFLUENTIAL_ON_AI_1">
			<Text>우리 국민이 당신네 청바지를 사입고 당신네 대중음악을 즐기고 있습니다. 당신의 문화가 전 세계를 잠식하게 될까 걱정입니다.</Text>
		</Row>
		<Row Tag="TXT_KEY_GENERIC_HUNS_INFLUENTIAL_ON_AI_1">
			<Text>우리 국민이 당신네 청바지를 사입고 당신네 대중음악을 즐기고 있습니다. 당신의 문화가 전 세계를 잠식하게 될까 걱정입니다.</Text>
		</Row>
		<Row Tag="TXT_KEY_GENERIC_MAYA_INFLUENTIAL_ON_AI_1">
			<Text>우리 국민이 당신네 청바지를 사입고 당신네 대중음악을 즐기고 있습니다. 당신의 문화가 전 세계를 잠식하게 될까 걱정입니다.</Text>
		</Row>
		<Row Tag="TXT_KEY_GENERIC_NETHERLANDS_INFLUENTIAL_ON_AI_1">
			<Text>우리 국민이 당신네 청바지를 사입고 당신네 대중음악을 즐기고 있습니다. 당신의 문화가 전 세계를 잠식하게 될까 걱정입니다.</Text>
		</Row>
		<Row Tag="TXT_KEY_GENERIC_SWEDEN_INFLUENTIAL_ON_AI_1">
			<Text>우리 국민이 당신네 청바지를 사입고 당신네 대중음악을 즐기고 있습니다. 당신의 문화가 전 세계를 잠식하게 될까 걱정입니다.</Text>
		</Row>
		<Row Tag="TXT_KEY_GENERIC_ASSYRIA_INFLUENTIAL_ON_AI_1">
			<Text>우리 국민이 당신네 청바지를 사입고 당신네 대중음악을 즐기고 있습니다. 당신의 문화가 전 세계를 잠식하게 될까 걱정입니다.</Text>
		</Row>
		<Row Tag="TXT_KEY_GENERIC_BRAZIL_INFLUENTIAL_ON_AI_1">
			<Text>우리 국민이 당신네 청바지를 사입고 당신네 대중음악을 즐기고 있습니다. 당신의 문화가 전 세계를 잠식하게 될까 걱정입니다.</Text>
		</Row>
		<Row Tag="TXT_KEY_GENERIC_INDONESIA_INFLUENTIAL_ON_AI_1">
			<Text>우리 국민이 당신네 청바지를 사입고 당신네 대중음악을 즐기고 있습니다. 당신의 문화가 전 세계를 잠식하게 될까 걱정입니다.</Text>
		</Row>
		<Row Tag="TXT_KEY_GENERIC_MOROCCO_INFLUENTIAL_ON_AI_1">
			<Text>우리 국민이 당신네 청바지를 사입고 당신네 대중음악을 즐기고 있습니다. 당신의 문화가 전 세계를 잠식하게 될까 걱정입니다.</Text>
		</Row>
		<Row Tag="TXT_KEY_GENERIC_POLAND_INFLUENTIAL_ON_AI_1">
			<Text>우리 국민이 당신네 청바지를 사입고 당신네 대중음악을 즐기고 있습니다. 당신의 문화가 전 세계를 잠식하게 될까 걱정입니다.</Text>
		</Row>
		<Row Tag="TXT_KEY_GENERIC_PORTUGAL_INFLUENTIAL_ON_AI_1">
			<Text>우리 국민이 당신네 청바지를 사입고 당신네 대중음악을 즐기고 있습니다. 당신의 문화가 전 세계를 잠식하게 될까 걱정입니다.</Text>
		</Row>
		<Row Tag="TXT_KEY_GENERIC_SHOSHONE_INFLUENTIAL_ON_AI_1">
			<Text>우리 국민이 당신네 청바지를 사입고 당신네 대중음악을 즐기고 있습니다. 당신의 문화가 전 세계를 잠식하게 될까 걱정입니다.</Text>
		</Row>
		<Row Tag="TXT_KEY_GENERIC_VENICE_INFLUENTIAL_ON_AI_1">
			<Text>우리 국민이 당신네 청바지를 사입고 당신네 대중음악을 즐기고 있습니다. 당신의 문화가 전 세계를 잠식하게 될까 걱정입니다.</Text>
		</Row>
		<Row Tag="TXT_KEY_GENERIC_ZULU_INFLUENTIAL_ON_AI_1">
			<Text>우리 국민이 당신네 청바지를 사입고 당신네 대중음악을 즐기고 있습니다. 당신의 문화가 전 세계를 잠식하게 될까 걱정입니다.</Text>
		</Row>
	</Language_KO_KR>
</GameData>