<?xml version="1.0" encoding="utf-8"?>
<GameData>
    <Language_ES_ES>
        <Row Tag="TXT_KEY_RELIGION_BUDDHISM_ADJ">
           <Text>{@1: plural 2?Budistas; other?{@1: gender feminine?Budista; other?Budista;};}</Text>
        </Row>

        <Row Tag="TXT_KEY_RELIGION_BUDDHISM_ADJ_SHORT">
           <Text>Bud.</Text>
        </Row>

        <Row Tag="TXT_KEY_RELIGION_CONFUCIANISM_ADJ">
           <Text>{@1: plural 2?Confucianos; other?{@1: gender feminine?Confuciana; other?Confuciano;};}</Text>
        </Row>

        <Row Tag="TXT_KEY_RELIGION_CONFUCIANISM_ADJ_SHORT">
           <Text>Conf.</Text>
        </Row>

        <Row Tag="TXT_KEY_RELIGION_CHRISTIANITY_ADJ">
           <Text>{@1: plural 2?Cristianos; other?{@1: gender feminine?Cristiana; other?Cristiano;};}</Text>
        </Row>

        <Row Tag="TXT_KEY_RELIGION_CHRISTIANITY_ADJ_SHORT">
           <Text>Cr.</Text>
        </Row>

        <Row Tag="TXT_KEY_RELIGION_HINDUISM_ADJ">
           <Text>{@1: plural 2?Hindúes; other?{@1: gender feminine?Hindú; other?Hindú;};}</Text>
        </Row>

        <Row Tag="TXT_KEY_RELIGION_HINDUISM_ADJ_SHORT">
           <Text>Hindú</Text>
        </Row>

        <Row Tag="TXT_KEY_RELIGION_ISLAM_ADJ">
           <Text>{@1: plural 2?Islámicos; other?{@1: gender feminine?Islámica; other?Islámico;};}</Text>
        </Row>

        <Row Tag="TXT_KEY_RELIGION_ISLAM_ADJ_SHORT">
           <Text>Isl.</Text>
        </Row>

        <Row Tag="TXT_KEY_RELIGION_JUDAISM_ADJ">
           <Text>{@1: plural 2?Judaicos; other?{@1: gender feminine?Judaica; other?Judaico;};}</Text>
        </Row>

        <Row Tag="TXT_KEY_RELIGION_JUDAISM_ADJ_SHORT">
           <Text>Jud.</Text>
        </Row>

        <Row Tag="TXT_KEY_RELIGION_SHINTO_ADJ">
           <Text>{@1: plural 2?Sintoístas; other?{@1: gender feminine?Sintoísta; other?Sintoísta;};}</Text>
        </Row>

        <Row Tag="TXT_KEY_RELIGION_SHINTO_ADJ_SHORT">
           <Text>Sin.</Text>
        </Row>

        <Row Tag="TXT_KEY_RELIGION_SIKHISM_ADJ">
           <Text>Sij</Text>
        </Row>

        <Row Tag="TXT_KEY_RELIGION_SIKHISM_ADJ_SHORT">
           <Text>Sij</Text>
        </Row>

        <Row Tag="TXT_KEY_RELIGION_TAOISM_ADJ">
           <Text>{@1: plural 2?Taoístas; other?{@1: gender feminine?Taoísta; other?Taoísta;};}</Text>
        </Row>

        <Row Tag="TXT_KEY_RELIGION_TAOISM_ADJ_SHORT">
           <Text>Tao.</Text>
        </Row>

        <Row Tag="TXT_KEY_RELIGION_TENGRIISM_ADJ">
           <Text>{@1: plural 2?Tengrianos; other?{@1: gender feminine?Tengriana; other?Tengriano;};}</Text>
        </Row>

        <Row Tag="TXT_KEY_RELIGION_TENGRIISM_ADJ_SHORT">
           <Text>Teng.</Text>
        </Row>

        <Row Tag="TXT_KEY_RELIGION_ZOROASTRIANISM_ADJ">
           <Text>{@1: plural 2?Zoroastrianos; other?{@1: gender feminine?Zoroastriana; other?Zoroastriano;};}</Text>
        </Row>

        <Row Tag="TXT_KEY_RELIGION_ZOROASTRIANISM_ADJ_SHORT">
           <Text>Zor.</Text>
        </Row>

        <Row Tag="TXT_KEY_RELIGION_CATHOLICISM_ADJ">
           <Text>{@1: plural 2?Católicos; other?{@1: gender feminine?Católica; other?Católico;};}</Text>
        </Row>

        <Row Tag="TXT_KEY_RELIGION_CATHOLICISM_ADJ_SHORT">
           <Text>Cat.</Text>
        </Row>

        <Row Tag="TXT_KEY_RELIGION_ORTHODOXY_ADJ">
           <Text>{@1: plural 2?Ortodoxos; other?{@1: gender feminine?Ortodoxa; other?Ortodoxo;};}</Text>
        </Row>

        <Row Tag="TXT_KEY_RELIGION_ORTHODOXY_ADJ_SHORT">
           <Text>Ort.</Text>
        </Row>

        <Row Tag="TXT_KEY_RELIGION_PROTESTANTISM_ADJ">
           <Text>{@1: plural 2?Protestantes; other?{@1: gender feminine?Protestante; other?Protestante;};}</Text>
        </Row>

        <Row Tag="TXT_KEY_RELIGION_PROTESTANTISM_ADJ_SHORT">
           <Text>Prot.</Text>
        </Row>

    </Language_ES_ES>
</GameData>